SITE_ID,LATITUDE,LONGITUDE,watershed,year_start,year_end,total_samples,avg_TEMP,avg_DO,avg_risk_score,avg_TEMP_plus2,avg_DO_plus2,DO_critical_baseline,DO_critical_scenario,new_critical_events,DO_critical_percent,percent_increase_critical,composite_risk_score,risk_category
W0057,42.02769615,-71.95951089,Quinebaug,2006.0,2006.0,1,11.3,11.2,1.0,13.3,10.7,0,0,0,0.0,,5.65,LOW
W0075,42.0246995,-71.88418202,French,2009.0,2013.0,22,13.327272727272726,10.786363636363635,1.2727272727272727,15.327272727272726,10.286363636363635,0,0,0,0.0,,6.663636363636363,LOW
W0324,42.45888846,-71.3973783,Concord (SuAsCo),2006.0,2006.0,2,20.0,8.0,1.5,22.0,7.5,0,0,0,0.0,,10.0,LOW
W0475,42.15037455,-72.60763627,Chicopee,2008.0,2008.0,5,20.56,9.32,1.6,22.56,8.82,0,0,0,0.0,,10.28,LOW
W0480,42.5630966,-71.76875735,Nashua,2008.0,2008.0,14,15.55,9.828571428571427,1.4285714285714286,17.55,9.328571428571427,0,0,0,0.0,,7.775,LOW
W0481,42.4951686,-71.72192464,Nashua,2005.0,2013.0,53,13.19811320754717,9.954716981132076,1.339622641509434,15.19811320754717,9.454716981132076,0,0,0,0.0,,6.599056603773585,LOW
W0482,42.42997432,-71.67930013,Nashua,2008.0,2008.0,8,16.9,7.375,2.0,18.9,6.875,2,2,0,25.0,0.0,20.95,MODERATE
W0483,42.44442786,-71.67186298,Nashua,2008.0,2013.0,22,13.545454545454543,8.977272727272727,1.4545454545454546,15.545454545454543,8.486363636363636,1,1,0,4.545454545454546,0.0,9.045454545454545,LOW
W0484,42.49602094,-71.62643687,Nashua,2008.0,2008.0,8,20.075,6.5125,1.875,22.075,6.0125,1,3,2,12.5,200.0,16.2875,MODERATE
W0485,42.66968673,-71.56776529,Nashua,2005.0,2013.0,46,12.73695652173913,10.110869565217392,1.2608695652173914,14.73695652173913,9.610869565217392,0,0,0,0.0,,6.368478260869565,LOW
W0486,42.67172981,-71.57703129,Nashua,2008.0,2008.0,6,20.95,8.25,2.0,22.95,7.75,0,0,0,0.0,,10.475,LOW
W0487,42.62094186,-71.64380951,Nashua,2005.0,2013.0,49,13.275510204081632,9.20408163265306,1.3673469387755102,15.275510204081632,8.704081632653061,0,1,1,0.0,0.0,6.637755102040816,LOW
W0488,42.57812405,-71.60976926,Nashua,2008.0,2008.0,6,20.733333333333334,7.949999999999999,2.0,22.733333333333334,7.449999999999999,0,0,0,0.0,,10.366666666666667,LOW
W0490,42.26477944,-72.00491606,Chicopee,2005.0,2020.0,50,12.918,10.066,1.44,14.918,9.566,0,0,0,0.0,,6.459,LOW
W0491,42.18142994,-72.26354268,Chicopee,2005.0,2013.0,50,14.542,11.014,1.38,16.542,10.514,0,0,0,0.0,,7.271,LOW
W0492,42.23872578,-72.285755,Chicopee,2005.0,2013.0,51,13.588235294117649,10.811764705882352,1.392156862745098,15.588235294117649,10.311764705882352,0,0,0,0.0,,6.794117647058824,LOW
W0493,42.26797538,-72.33276108,Chicopee,2005.0,2013.0,50,10.814,11.47,1.4,12.814,10.97,0,0,0,0.0,,5.407,LOW
W0494,42.39121389,-72.0645552,Chicopee,2005.0,2013.0,50,13.238,10.505999999999998,1.4,15.238,10.006,0,0,0,0.0,,6.619,LOW
W0495,42.66414966,-71.57700588,Nashua,2008.0,2008.0,7,24.842857142857145,6.442857142857143,1.2857142857142858,26.842857142857145,5.942857142857143,0,0,0,0.0,,12.421428571428573,MODERATE
W0496,42.62647657,-71.59314962,Nashua,2005.0,2013.0,48,14.595833333333331,9.33125,1.375,16.595833333333335,8.831249999999999,0,0,0,0.0,,7.297916666666666,LOW
W0497,42.59474285,-71.59983315,Nashua,2008.0,2008.0,3,22.666666666666668,5.866666666666667,2.0,24.666666666666668,5.366666666666667,0,1,1,0.0,0.0,11.333333333333334,MODERATE
W0502,42.2365576,-71.79667946,Blackstone,2008.0,2008.0,9,20.366666666666667,8.433333333333334,1.6666666666666667,22.366666666666667,7.933333333333334,0,0,0,0.0,,10.183333333333334,LOW
W0505,42.20292186,-71.77806924,Blackstone,2008.0,2008.0,5,18.52,7.5,1.6,20.52,7.0,0,0,0,0.0,,9.26,LOW
W0506,42.1542015,-71.65266243,Blackstone,2006.0,2006.0,2,16.549999999999997,9.2,1.5,18.549999999999997,8.7,0,0,0,0.0,,8.274999999999999,LOW
W0508,42.04075372,-71.51568945,Blackstone,2008.0,2008.0,5,15.96,8.8,1.6,17.96,8.3,0,0,0,0.0,,7.98,LOW
W0514,42.16003238,-71.60586969,Blackstone,2008.0,2008.0,5,16.08,8.7,1.6,18.08,8.2,0,0,0,0.0,,8.04,LOW
W0515,42.1003609,-71.60111703,Blackstone,2005.0,2013.0,48,14.166666666666666,7.633333333333333,1.5833333333333333,16.166666666666668,7.139583333333333,11,13,2,22.916666666666664,18.181818181818183,18.541666666666664,MODERATE
W0600,42.02202663,-71.9543561,Quinebaug,2005.0,2013.0,43,13.07906976744186,10.97906976744186,1.302325581395349,15.07906976744186,10.47906976744186,0,0,0,0.0,,6.53953488372093,LOW
W0601,42.10956147,-72.11856925,Quinebaug,2005.0,2013.0,44,12.747727272727271,10.561363636363636,1.2727272727272727,14.747727272727271,10.061363636363636,0,0,0,0.0,,6.373863636363636,LOW
W0602,42.05094532,-71.88507359,French,2005.0,2013.0,42,12.842857142857142,10.747619047619049,1.2857142857142858,14.842857142857142,10.247619047619049,0,0,0,0.0,,6.421428571428571,LOW
W0603,42.52346976,-71.6880925,Nashua,2005.0,2017.0,41,13.273170731707316,6.309756097560975,2.292682926829268,15.273170731707316,5.817073170731708,12,15,3,29.268292682926827,25.0,21.270731707317072,MODERATE
W0604,42.49250849,-71.5969091,Nashua,2016.0,2016.0,20,22.98,7.355,1.75,24.98,6.8549999999999995,2,2,0,10.0,0.0,16.490000000000002,MODERATE
W0615,42.11947322,-72.00870444,Quinebaug,2005.0,2013.0,42,11.166666666666666,11.3,1.261904761904762,13.166666666666666,10.8,0,0,0,0.0,,5.583333333333333,LOW
W0668,42.17958119,-71.68815945,Blackstone,2008.0,2008.0,4,21.4,7.65,2.0,23.4,7.1499999999999995,0,0,0,0.0,,10.7,LOW
W0669,42.18121701,-71.73068267,Blackstone,2008.0,2008.0,4,20.549999999999997,6.475,2.0,22.549999999999997,5.975,0,0,0,0.0,,10.274999999999999,LOW
W0678,42.39432391,-72.04921345,Chicopee,2017.0,2017.0,1,2.4,12.5,1.0,4.4,12.0,0,0,0,0.0,,1.2,LOW
W0679,42.63670884,-71.3017484,Concord (SuAsCo),2005.0,2007.0,17,13.494117647058824,11.076470588235296,1.2352941176470589,15.494117647058822,10.576470588235296,0,0,0,0.0,,6.747058823529412,LOW
W0680,42.22778189,-71.78735524,Blackstone,2005.0,2013.0,53,13.745283018867925,10.352830188679246,1.320754716981132,15.745283018867925,9.852830188679246,0,0,0,0.0,,6.872641509433962,LOW
W0681,42.44473811,-71.67198789,Nashua,2005.0,2010.0,32,10.31875,10.665625,1.28125,12.31875,10.165625,0,0,0,0.0,,5.159375,LOW
W0688,42.02298331,-71.57206082,Blackstone,2005.0,2013.0,9,11.855555555555556,10.377777777777778,1.2222222222222223,13.855555555555556,9.877777777777778,0,0,0,0.0,,5.927777777777778,LOW
W0689,42.23053792,-71.70809238,Blackstone,2005.0,2013.0,43,13.734883720930233,10.344186046511629,1.2093023255813953,15.734883720930233,9.844186046511629,0,0,0,0.0,,6.867441860465116,LOW
W0695,42.30485304,-71.62845076,Concord (SuAsCo),2005.0,2013.0,50,12.258,8.777999999999999,1.28,14.258,8.277999999999999,0,1,1,0.0,0.0,6.129,LOW
W0696,42.32543468,-71.39736431,Concord (SuAsCo),2005.0,2013.0,48,13.552083333333334,10.704166666666666,1.2916666666666667,15.552083333333334,10.204166666666667,0,0,0,0.0,,6.776041666666667,LOW
W0697,42.43206352,-71.44974106,Concord (SuAsCo),2005.0,2013.0,44,12.865909090909092,10.96818181818182,1.25,14.865909090909092,10.46818181818182,0,0,0,0.0,,6.432954545454546,LOW
W0698,42.51227518,-71.40458554,Concord (SuAsCo),2005.0,2013.0,42,10.723809523809525,9.711904761904762,1.261904761904762,12.723809523809525,9.211904761904762,1,2,1,2.380952380952381,100.0,6.552380952380953,LOW
W0767,42.153873,-71.65203977,Blackstone,2005.0,2013.0,51,14.347058823529412,9.890196078431371,1.3333333333333333,16.347058823529412,9.390196078431371,1,1,0,1.96078431372549,0.0,8.153921568627451,LOW
W0832,42.26764467,-71.55276363,Concord (SuAsCo),2006.0,2006.0,5,17.34,4.58,2.4,19.339999999999996,4.08,3,3,0,60.0,0.0,38.67,MODERATE
W0838,42.25849843,-71.45547229,Concord (SuAsCo),2006.0,2006.0,5,17.98,8.7,1.6,19.98,8.2,0,0,0,0.0,,8.99,LOW
W0843,42.46568803,-71.39143422,Concord (SuAsCo),2006.0,2006.0,5,19.2,8.440000000000001,1.6,21.2,7.94,0,0,0,0.0,,9.6,LOW
W0844,42.45974876,-71.35935869,Concord (SuAsCo),2006.0,2006.0,5,20.34,6.859999999999999,1.8,22.34,6.36,1,2,1,20.0,100.0,20.17,MODERATE
W0847,42.39635089,-71.36467086,Concord (SuAsCo),2006.0,2006.0,4,20.55,4.475,2.5,22.55,3.975,2,2,0,50.0,0.0,35.275,MODERATE
W0849,42.35708626,-71.40313662,Concord (SuAsCo),2006.0,2006.0,4,17.0,6.175,2.0,19.0,5.675,1,1,0,25.0,0.0,21.0,MODERATE
W0850,42.35926526,-71.36883338,Concord (SuAsCo),2006.0,2006.0,5,19.34,7.06,2.0,21.34,6.56,1,1,0,20.0,0.0,19.67,MODERATE
W0993,42.53259005,-71.74028814,Nashua,2008.0,2008.0,8,20.7875,8.3375,1.75,22.7875,7.8375,0,0,0,0.0,,10.39375,LOW
W0995,42.45586034,-71.64556281,Nashua,2008.0,2008.0,4,17.025,1.6749999999999998,3.0,19.025,1.1749999999999998,4,4,0,100.0,0.0,58.5125,MODERATE
W0998,42.57506071,-71.62035616,Nashua,2008.0,2008.0,7,20.614285714285717,8.342857142857143,1.5714285714285714,22.614285714285717,7.8428571428571425,0,0,0,0.0,,10.307142857142859,LOW
W1000,42.57946682,-71.58861709,Nashua,2008.0,2008.0,6,21.05,6.833333333333333,2.0,23.05,6.333333333333333,0,0,0,0.0,,10.525,LOW
W1001,42.55197544,-71.62097756,Nashua,2008.0,2008.0,6,22.75,5.216666666666667,1.5,24.75,4.716666666666667,1,6,5,16.666666666666664,500.0,19.708333333333332,MODERATE
W1005,42.17302268,-72.07108074,Chicopee,2016.0,2016.0,45,15.931111111111113,6.319999999999999,1.8666666666666667,17.93111111111111,5.826666666666666,16,18,2,35.55555555555556,12.5,25.743333333333336,MODERATE
W1008,42.32097918,-72.17469434,Chicopee,2008.0,2008.0,6,21.183333333333337,8.183333333333332,2.0,23.183333333333337,7.683333333333333,0,0,0,0.0,,10.591666666666669,LOW
W1009,42.28485171,-72.21589977,Chicopee,2008.0,2008.0,4,20.35,9.025,1.75,22.35,8.525,0,0,0,0.0,,10.175,LOW
W1011,42.21007678,-72.24555871,Chicopee,2008.0,2008.0,5,19.86,9.16,1.6,21.86,8.66,0,0,0,0.0,,9.93,LOW
W1012,42.24326567,-72.33476023,Chicopee,2008.0,2008.0,7,14.5,10.142857142857142,1.8571428571428572,16.5,9.642857142857142,0,0,0,0.0,,7.25,LOW
W1013,42.2107065,-72.34642165,Chicopee,2008.0,2008.0,6,17.816666666666666,9.3,2.0,19.816666666666663,8.799999999999999,0,0,0,0.0,,8.908333333333333,LOW
W1014,42.19155828,-72.34983401,Chicopee,2008.0,2008.0,6,22.8,8.133333333333333,2.0,24.8,7.633333333333333,0,0,0,0.0,,11.4,MODERATE
W1015,42.17314464,-72.34600381,Chicopee,2008.0,2008.0,6,21.383333333333336,8.700000000000001,2.0,23.383333333333336,8.200000000000001,0,0,0,0.0,,10.691666666666668,LOW
W1017,42.18086003,-71.73011265,Blackstone,2008.0,2008.0,5,17.94,8.879999999999999,1.6,19.94,8.379999999999999,0,0,0,0.0,,8.97,LOW
W1018,42.19910034,-71.69396462,Blackstone,2008.0,2008.0,8,21.4,7.7375,1.75,23.4,7.2375,0,0,0,0.0,,10.7,LOW
W1022,42.02414862,-71.48740249,Blackstone,2008.0,2008.0,5,14.66,8.620000000000001,1.6,16.66,8.120000000000001,0,0,0,0.0,,7.33,LOW
W1023,42.01664829,-71.5384768,Blackstone,2008.0,2008.0,8,20.875,8.15,1.75,22.875,7.65,0,0,0,0.0,,10.4375,LOW
W1025,42.08439258,-71.69699739,Blackstone,2008.0,2008.0,7,20.342857142857145,8.057142857142857,1.8571428571428572,22.342857142857145,7.557142857142857,0,0,0,0.0,,10.171428571428573,LOW
W1031,42.16060737,-72.51019767,Chicopee,2008.0,2008.0,9,22.58888888888889,8.555555555555555,1.8888888888888888,24.58888888888889,8.055555555555555,0,0,0,0.0,,11.294444444444444,MODERATE
W1033,42.17771167,-72.37458989,Chicopee,2008.0,2008.0,6,20.983333333333334,8.633333333333333,2.0,22.983333333333334,8.133333333333333,0,0,0,0.0,,10.491666666666667,LOW
W1036,42.23246451,-72.0163834,Chicopee,2008.0,2008.0,9,18.77777777777778,5.888888888888889,1.6666666666666667,20.77777777777778,5.388888888888889,0,4,4,0.0,0.0,9.38888888888889,LOW
W1038,42.22570961,-72.04999618,Chicopee,2008.0,2008.0,7,23.114285714285717,7.9,1.8571428571428572,25.114285714285717,7.4,0,0,0,0.0,,11.557142857142859,MODERATE
W1039,42.2449869,-72.07374903,Chicopee,2008.0,2008.0,5,19.46,8.08,2.0,21.46,7.58,0,0,0,0.0,,9.73,LOW
W1083,42.14509062,-72.51299232,Chicopee,2005.0,2005.0,8,18.5375,6.0125,1.25,20.5375,5.5125,2,2,0,25.0,0.0,21.76875,MODERATE
W1090,42.30447696,-71.36772536,Concord (SuAsCo),2005.0,2005.0,5,20.98,6.0600000000000005,1.2,22.98,5.5600000000000005,1,2,1,20.0,100.0,20.490000000000002,MODERATE
W1221,42.14096257,-72.12021662,Quinebaug,2005.0,2005.0,10,19.92,6.32,1.3,21.92,5.82,3,3,0,30.0,0.0,24.96,MODERATE
W1240,42.20864325,-71.78210772,Blackstone,2008.0,2008.0,8,19.9375,7.3875,1.75,21.9375,6.8875,0,0,0,0.0,,9.96875,LOW
W1241,42.18223431,-71.70488014,Blackstone,2008.0,2008.0,5,17.82,8.66,1.6,19.82,8.16,0,0,0,0.0,,8.91,LOW
W1242,42.17728889,-71.68788468,Blackstone,2008.0,2020.0,7,18.228571428571428,8.9,1.4285714285714286,20.228571428571428,8.4,0,0,0,0.0,,9.114285714285714,LOW
W1243,42.17384662,-71.68057473,Blackstone,2008.0,2008.0,5,18.98,8.66,1.6,20.98,8.16,0,0,0,0.0,,9.49,LOW
W1244,42.12965013,-71.63645321,Blackstone,2008.0,2008.0,8,20.4875,6.8375,1.75,22.4875,6.3375,0,1,1,0.0,0.0,10.24375,LOW
W1255,42.20640574,-71.78097604,Blackstone,2008.0,2008.0,8,19.9625,6.8625,1.75,21.9625,6.3625,0,0,0,0.0,,9.98125,LOW
W1282,42.29062266,-71.75867408,Blackstone,2008.0,2008.0,7,17.314285714285713,8.914285714285715,1.8571428571428572,19.314285714285713,8.414285714285715,0,0,0,0.0,,8.657142857142857,LOW
W1283,42.66344944,-71.70914571,Nashua,2008.0,2008.0,6,18.75,7.65,2.0,20.75,7.1499999999999995,0,0,0,0.0,,9.375,LOW
W1295,42.05363901,-71.84807799,French,2005.0,2016.0,33,23.16969696969697,6.312121212121212,1.7272727272727273,25.16969696969697,5.824242424242424,6,6,0,18.181818181818183,0.0,20.67575757575758,HIGH
W1298,42.52614864,-71.60978989,Nashua,2005.0,2005.0,8,16.8625,9.1125,2.125,18.8625,8.6125,1,1,0,12.5,0.0,14.68125,MODERATE
W1299,42.5117797,-71.68117943,Nashua,2005.0,2005.0,7,16.442857142857143,8.77142857142857,1.1428571428571428,18.442857142857143,8.27142857142857,1,2,1,14.285714285714285,100.0,15.364285714285714,MODERATE
W1300,42.2565633,-71.51337647,Concord (SuAsCo),2005.0,2005.0,10,14.89,3.86,2.8,16.89,3.3600000000000003,8,8,0,80.0,0.0,47.445,MODERATE
W1301,42.26417366,-71.42338611,Concord (SuAsCo),2005.0,2005.0,5,23.0,5.2,2.6,25.0,4.7,3,3,0,60.0,0.0,41.5,HIGH
W1302,42.42837406,-71.38869821,Concord (SuAsCo),2005.0,2005.0,8,16.7875,9.5875,0.125,18.7875,9.0875,1,1,0,12.5,0.0,14.64375,MODERATE
W1426,42.26230119,-71.84822737,Blackstone,2019.0,2020.0,2,14.9,9.05,1.0,16.9,8.55,0,0,0,0.0,,7.45,LOW
W1429,42.1231178,-71.59908641,Blackstone,2020.0,2020.0,1,16.2,0.9,3.0,18.2,0.4,1,1,0,100.0,0.0,58.1,MODERATE
W1432,42.17306202,-71.62974844,Blackstone,2008.0,2008.0,7,21.885714285714283,7.185714285714285,2.0,23.885714285714283,6.685714285714285,1,1,0,14.285714285714285,0.0,18.085714285714282,MODERATE
W1439,42.17268159,-71.62792867,Blackstone,2008.0,2008.0,7,17.457142857142856,8.27142857142857,1.7142857142857142,19.457142857142856,7.771428571428571,0,0,0,0.0,,8.728571428571428,LOW
W1468,42.27406018,-71.63224204,Concord (SuAsCo),2006.0,2006.0,5,18.34,8.78,1.6,20.34,8.28,0,0,0,0.0,,9.17,LOW
W1469,42.28350805,-71.63858701,Concord (SuAsCo),2006.0,2006.0,5,18.44,7.9,1.6,20.44,7.4,0,0,0,0.0,,9.22,LOW
W1470,42.32036993,-71.63553499,Concord (SuAsCo),2006.0,2006.0,5,17.46,6.640000000000001,1.8,19.46,6.14,1,1,0,20.0,0.0,18.73,MODERATE
W1471,42.32949677,-71.63006336,Concord (SuAsCo),2006.0,2006.0,5,17.44,8.440000000000001,1.6,19.44,7.94,0,1,1,0.0,0.0,8.72,LOW
W1472,42.34151216,-71.61641,Concord (SuAsCo),2006.0,2006.0,5,17.8,9.0,1.6,19.8,8.5,0,0,0,0.0,,8.9,LOW
W1473,42.3465007,-71.61460331,Concord (SuAsCo),2006.0,2006.0,5,17.740000000000002,8.620000000000001,1.6,19.74,8.120000000000001,0,0,0,0.0,,8.870000000000001,LOW
W1474,42.38030934,-71.58613633,Concord (SuAsCo),2006.0,2006.0,5,18.26,7.639999999999999,1.6,20.26,7.139999999999999,0,0,0,0.0,,9.13,LOW
W1475,42.39979789,-71.54598569,Concord (SuAsCo),2006.0,2006.0,5,18.18,7.7,1.6,20.18,7.2,0,0,0,0.0,,9.09,LOW
W1476,42.40462155,-71.52654108,Concord (SuAsCo),2006.0,2006.0,5,18.66,8.459999999999999,1.6,20.66,7.959999999999999,0,0,0,0.0,,9.33,LOW
W1477,42.41163442,-71.50844219,Concord (SuAsCo),2006.0,2006.0,5,18.8,6.94,1.6,20.8,6.44,0,1,1,0.0,0.0,9.4,LOW
W1478,42.4231785,-71.47472183,Concord (SuAsCo),2006.0,2006.0,4,17.575,7.675,1.5,19.575,7.175,0,0,0,0.0,,8.7875,LOW
W1479,42.44086923,-71.42935628,Concord (SuAsCo),2006.0,2006.0,5,19.74,8.620000000000001,1.6,21.74,8.120000000000001,0,0,0,0.0,,9.87,LOW
W1480,42.3386459,-71.39498427,Concord (SuAsCo),2006.0,2006.0,5,18.94,8.08,1.6,20.94,7.58,0,0,0,0.0,,9.47,LOW
W1481,42.44111379,-71.36805603,Concord (SuAsCo),2006.0,2006.0,5,20.48,7.459999999999999,1.8,22.48,6.959999999999999,1,1,0,20.0,0.0,20.240000000000002,MODERATE
W1482,42.47116456,-71.34989446,Concord (SuAsCo),2006.0,2006.0,5,19.68,7.76,1.6,21.68,7.26,0,0,0,0.0,,9.84,LOW
W1483,42.50902782,-71.31411783,Concord (SuAsCo),2006.0,2006.0,5,20.58,8.68,1.6,22.58,8.18,0,0,0,0.0,,10.29,LOW
W1485,42.55747509,-71.28252509,Concord (SuAsCo),2006.0,2006.0,5,20.22,8.68,1.6,22.22,8.18,0,0,0,0.0,,10.11,LOW
W1486,42.58482438,-71.28718593,Concord (SuAsCo),2006.0,2006.0,5,20.1,8.459999999999999,1.6,22.1,7.959999999999999,0,0,0,0.0,,10.05,LOW
W1487,42.64172611,-71.30284563,Concord (SuAsCo),2006.0,2010.0,15,15.7,10.206666666666669,1.3333333333333333,17.7,9.706666666666669,0,0,0,0.0,,7.85,LOW
W1488,42.57826214,-71.33253012,Concord (SuAsCo),2006.0,2016.0,12,16.708333333333332,8.108333333333333,1.5833333333333333,18.708333333333332,7.608333333333333,2,2,0,16.666666666666664,0.0,16.6875,MODERATE
W1489,42.63380122,-71.30119731,Concord (SuAsCo),2006.0,2016.0,12,15.933333333333332,9.15,1.4166666666666667,17.933333333333334,8.65,0,0,0,0.0,,7.966666666666666,LOW
W1596,42.02194765,-71.56822441,Blackstone,2006.0,2008.0,9,19.211111111111112,7.199999999999999,1.8888888888888888,21.211111111111112,6.699999999999999,1,1,0,11.11111111111111,0.0,15.161111111111111,MODERATE
W1717,42.34007232,-72.15953425,Chicopee,2014.0,2014.0,3,18.933333333333337,8.299999999999999,1.6666666666666667,20.933333333333337,7.8,0,0,0,0.0,,9.466666666666669,LOW
W1753,42.30377694,-71.7626168,Blackstone,2008.0,2008.0,7,16.614285714285714,9.042857142857144,1.8571428571428572,18.614285714285717,8.542857142857143,0,0,0,0.0,,8.307142857142857,LOW
W1754,42.21273236,-72.22875627,Chicopee,2014.0,2014.0,3,21.4,8.799999999999999,1.6666666666666667,23.4,8.299999999999999,0,0,0,0.0,,10.7,LOW
W1755,42.0448378,-71.62194682,Blackstone,2008.0,2008.0,7,18.7,8.6,1.8571428571428572,20.7,8.1,0,0,0,0.0,,9.35,LOW
W1756,42.02727016,-71.48547213,Blackstone,2008.0,2008.0,7,16.642857142857142,8.428571428571429,1.8571428571428572,18.642857142857142,7.928571428571429,0,0,0,0.0,,8.321428571428571,LOW
W1757,42.46999426,-72.32259937,Chicopee,2014.0,2014.0,3,16.099999999999998,9.7,1.3333333333333333,18.1,9.2,0,0,0,0.0,,8.049999999999999,LOW
W1758,42.28029336,-71.74620407,Blackstone,2008.0,2008.0,7,20.914285714285715,7.485714285714286,1.8571428571428572,22.914285714285715,6.985714285714286,0,0,0,0.0,,10.457142857142857,LOW
W1759,42.18115577,-71.64793794,Blackstone,2008.0,2008.0,4,15.7,8.475,1.5,17.7,7.975,0,0,0,0.0,,7.85,LOW
W1760,42.09326799,-71.5191956,Blackstone,2008.0,2008.0,7,15.642857142857142,8.142857142857142,1.8571428571428572,17.642857142857142,7.642857142857143,0,0,0,0.0,,7.821428571428571,LOW
W1761,42.32499793,-71.74088627,Blackstone,2008.0,2008.0,7,16.62857142857143,8.914285714285715,1.8571428571428572,18.62857142857143,8.414285714285715,0,0,0,0.0,,8.314285714285715,LOW
W1762,42.0193983,-71.5344052,Blackstone,2008.0,2008.0,7,17.87142857142857,8.628571428571428,1.8571428571428572,19.87142857142857,8.128571428571428,0,0,0,0.0,,8.935714285714285,LOW
W1763,42.19289465,-71.75182267,Blackstone,2008.0,2008.0,8,19.9375,7.325,1.75,21.9375,6.825,0,0,0,0.0,,9.96875,LOW
W1764,42.13913312,-71.63971462,Blackstone,2008.0,2008.0,9,20.38888888888889,7.2555555555555555,1.7777777777777777,22.38888888888889,6.7555555555555555,0,1,1,0.0,0.0,10.194444444444445,LOW
W1765,42.05495698,-71.61629976,Blackstone,2008.0,2008.0,5,18.92,7.92,1.6,20.92,7.42,0,0,0,0.0,,9.46,LOW
W1766,42.01686344,-71.54548172,Blackstone,2008.0,2008.0,8,20.775,7.45,1.75,22.775,6.95,0,0,0,0.0,,10.3875,LOW
W1767,42.18277682,-71.76604587,Blackstone,2008.0,2020.0,9,17.966666666666665,8.822222222222223,1.6666666666666667,19.966666666666665,8.322222222222223,0,0,0,0.0,,8.983333333333333,LOW
W1768,42.07884462,-71.65065318,Blackstone,2008.0,2008.0,8,15.925,4.625,2.5,17.925,4.125,6,6,0,75.0,0.0,45.4625,MODERATE
W1769,42.18498134,-71.71206258,Blackstone,2008.0,2008.0,7,16.87142857142857,7.942857142857143,1.8571428571428572,18.87142857142857,7.442857142857143,0,0,0,0.0,,8.435714285714285,LOW
W1770,41.99661131,-71.55765871,Blackstone,2008.0,2008.0,8,22.4,8.225,1.75,24.4,7.725,0,0,0,0.0,,11.2,MODERATE
W1771,42.01238549,-71.51035869,Blackstone,2008.0,2008.0,8,21.4875,8.325,1.75,23.4875,7.825,0,0,0,0.0,,10.74375,LOW
W1772,42.01550267,-71.49304478,Blackstone,2008.0,2008.0,7,17.414285714285715,5.885714285714286,1.7142857142857142,19.414285714285715,5.385714285714286,0,3,3,0.0,0.0,8.707142857142857,LOW
W1776,42.20670671,-71.85281517,Blackstone,2019.0,2020.0,2,15.25,9.05,1.0,17.25,8.55,0,0,0,0.0,,7.625,LOW
W1780,42.57574839,-71.83355874,Nashua,2008.0,2008.0,6,10.15,11.25,1.0,12.15,10.75,0,0,0,0.0,,5.075,LOW
W1806,42.71283339,-71.54870868,Nashua,2008.0,2008.0,8,20.5375,7.325,1.75,22.5375,6.825,0,0,0,0.0,,10.26875,LOW
W1808,42.58212265,-71.90236498,Nashua,2008.0,2008.0,6,21.333333333333332,7.983333333333333,2.0,23.333333333333332,7.483333333333333,0,0,0,0.0,,10.666666666666666,LOW
W1809,42.60819171,-71.87067955,Nashua,2008.0,2008.0,6,20.21666666666667,8.383333333333333,2.0,22.21666666666667,7.883333333333334,0,0,0,0.0,,10.108333333333334,LOW
W1812,42.5442135,-71.65737327,Nashua,2008.0,2008.0,6,21.78333333333333,7.05,2.0,23.78333333333333,6.55,0,0,0,0.0,,10.891666666666666,LOW
W1813,42.56211361,-71.61061607,Nashua,2008.0,2008.0,6,22.03333333333333,5.966666666666666,2.1666666666666665,24.03333333333333,5.466666666666666,1,2,1,16.666666666666664,100.0,19.349999999999998,MODERATE
W1816,42.69634164,-71.61144559,Nashua,2008.0,2008.0,7,17.714285714285715,6.714285714285714,1.5714285714285714,19.714285714285715,6.214285714285714,0,0,0,0.0,,8.857142857142858,LOW
W1819,42.34126384,-71.747781,Nashua,2008.0,2008.0,6,14.816666666666668,9.333333333333334,2.0,16.816666666666666,8.833333333333334,0,0,0,0.0,,7.408333333333334,LOW
W1821,42.38548028,-71.80974437,Nashua,2008.0,2008.0,6,18.55,9.2,2.0,20.55,8.700000000000001,0,0,0,0.0,,9.275,LOW
W1823,42.61730324,-71.73427771,Nashua,2008.0,2008.0,6,17.349999999999998,8.75,2.0,19.35,8.25,0,0,0,0.0,,8.674999999999999,LOW
W1828,42.40886407,-71.98179294,Chicopee,2014.0,2014.0,3,15.300000000000002,9.433333333333332,1.6666666666666667,17.3,8.933333333333332,0,0,0,0.0,,7.650000000000001,LOW
W1830,42.5300897,-71.57792062,Nashua,2008.0,2008.0,6,22.6,4.0,3.3333333333333335,24.6,3.5,6,6,0,100.0,0.0,61.3,MODERATE
W1832,42.67718733,-71.75727365,Nashua,2008.0,2008.0,7,19.014285714285712,9.057142857142855,1.5714285714285714,21.014285714285712,8.557142857142857,0,0,0,0.0,,9.507142857142856,LOW
W1836,42.56316154,-71.76154939,Nashua,2020.0,2020.0,2,21.9,8.1,2.0,23.9,7.6,0,0,0,0.0,,10.95,LOW
W1847,42.39041919,-72.08027064,Chicopee,2008.0,2008.0,5,18.78,8.2,1.6,20.78,7.7,0,0,0,0.0,,9.39,LOW
W1848,42.45425813,-71.95072628,Chicopee,2008.0,2008.0,11,18.39090909090909,8.30909090909091,1.818181818181818,20.39090909090909,7.809090909090909,0,0,0,0.0,,9.195454545454545,LOW
W1849,42.43628983,-72.05266962,Chicopee,2008.0,2008.0,6,19.7,8.233333333333333,2.0,21.7,7.733333333333333,0,0,0,0.0,,9.85,LOW
W1850,42.40850857,-72.09668399,Chicopee,2008.0,2008.0,6,17.883333333333333,8.133333333333333,2.0,19.883333333333333,7.633333333333333,0,0,0,0.0,,8.941666666666666,LOW
W1851,42.37234805,-72.16222662,Chicopee,2008.0,2008.0,6,21.5,7.983333333333333,2.0,23.5,7.483333333333333,0,0,0,0.0,,10.75,LOW
W1853,42.1010427,-72.31335538,Chicopee,2008.0,2008.0,5,18.06,9.06,2.0,20.06,8.559999999999999,0,0,0,0.0,,9.03,LOW
W1854,42.1313561,-72.31002915,Chicopee,2008.0,2008.0,6,17.25,9.016666666666667,1.8333333333333333,19.25,8.516666666666667,0,0,0,0.0,,8.625,LOW
W1855,42.15339532,-72.26179872,Chicopee,2008.0,2008.0,5,15.16,9.8,1.6,17.16,9.3,0,0,0,0.0,,7.58,LOW
W1856,42.26297752,-71.99318259,Chicopee,2008.0,2008.0,6,18.9,8.5,2.0,20.9,8.0,0,0,0,0.0,,9.45,LOW
W1858,42.14809093,-72.40009284,Chicopee,2008.0,2008.0,5,20.22,8.6,2.0,22.22,8.1,0,0,0,0.0,,10.11,LOW
W1862,42.08471748,-72.31065881,Chicopee,2008.0,2008.0,5,16.2,9.6,1.6,18.2,9.1,0,0,0,0.0,,8.1,LOW
W1864,42.16171173,-72.26845965,Chicopee,2008.0,2016.0,13,17.153846153846153,9.53076923076923,1.6923076923076923,19.153846153846153,9.03076923076923,0,0,0,0.0,,8.576923076923077,LOW
W1866,42.31010851,-72.21195504,Chicopee,2008.0,2008.0,6,20.966666666666665,8.4,2.0,22.96666666666667,7.900000000000001,0,0,0,0.0,,10.483333333333333,LOW
W1867,42.21262531,-72.20365346,Chicopee,2008.0,2008.0,2,22.0,4.7,1.5,24.0,4.2,1,1,0,50.0,0.0,36.0,MODERATE
W1868,42.19324712,-72.26392886,Chicopee,2008.0,2008.0,5,19.94,9.3,1.6,21.94,8.8,0,0,0,0.0,,9.97,LOW
W1871,42.12431568,-72.30748854,Chicopee,2008.0,2008.0,4,17.175,9.05,1.75,19.175,8.55,0,0,0,0.0,,8.5875,LOW
W1872,42.20455082,-72.31865025,Chicopee,2008.0,2008.0,5,18.78,8.040000000000001,1.6,20.78,7.540000000000001,0,0,0,0.0,,9.39,LOW
W1873,42.21540546,-72.07824828,Chicopee,2008.0,2008.0,8,19.3875,3.6375,2.375,21.3875,3.1375,6,7,1,75.0,16.666666666666664,47.19375,MODERATE
W1874,42.28281296,-72.39284073,Chicopee,2008.0,2008.0,6,17.883333333333333,8.9,2.0,19.883333333333333,8.4,0,0,0,0.0,,8.941666666666666,LOW
W1875,42.17981897,-72.36400692,Chicopee,2008.0,2008.0,5,18.58,9.16,1.6,20.58,8.66,0,0,0,0.0,,9.29,LOW
W1876,42.24999541,-72.0084457,Chicopee,2008.0,2008.0,7,17.2,7.957142857142857,1.4285714285714286,19.2,7.457142857142857,0,0,0,0.0,,8.6,LOW
W1877,42.42038826,-72.04817823,Chicopee,2008.0,2008.0,6,19.883333333333333,7.716666666666666,1.6666666666666667,21.883333333333336,7.216666666666666,0,0,0,0.0,,9.941666666666666,LOW
W1892,42.36091839,-72.23011415,Chicopee,2014.0,2014.0,3,17.2,6.0,2.0,19.2,5.5,1,1,0,33.33333333333333,0.0,25.266666666666666,MODERATE
W1898,42.02271855,-71.57054135999999,Blackstone,2007.0,2013.0,33,14.645454545454546,9.593939393939394,1.2727272727272727,16.645454545454545,9.093939393939394,0,0,0,0.0,,7.322727272727273,LOW
W1900,42.25040334,-72.42653878,Chicopee,2014.0,2014.0,3,15.699999999999998,7.233333333333333,1.6666666666666667,17.7,6.733333333333333,0,0,0,0.0,,7.849999999999999,LOW
W1901,42.17487504,-71.68002381,Blackstone,2008.0,2008.0,4,21.95,8.625,2.0,23.95,8.125,0,0,0,0.0,,10.975,LOW
W1990,42.24816753,-72.07425385,Chicopee,2008.0,2008.0,5,17.759999999999998,8.34,2.0,19.76,7.840000000000001,0,0,0,0.0,,8.879999999999999,LOW
W1991,42.2081965,-72.10431113,Chicopee,2008.0,2008.0,3,22.666666666666668,3.466666666666667,2.0,24.666666666666668,2.966666666666667,3,3,0,100.0,0.0,61.333333333333336,MODERATE
W1992,42.2091169,-72.10996213,Chicopee,2008.0,2008.0,3,19.866666666666664,3.7000000000000006,2.0,21.866666666666664,3.1999999999999997,3,3,0,100.0,0.0,59.93333333333333,MODERATE
W1993,42.21244098,-72.12067309,Chicopee,2008.0,2008.0,2,17.9,3.85,2.0,19.9,3.35,2,2,0,100.0,0.0,58.95,MODERATE
W1994,42.21247249,-72.12297305,Chicopee,2008.0,2008.0,2,21.75,1.85,2.0,23.75,1.35,2,2,0,100.0,0.0,60.875,MODERATE
W1995,42.22870146,-72.14937365,Chicopee,2008.0,2008.0,8,19.45,3.9125,2.25,21.45,3.4250000000000003,6,6,0,75.0,0.0,47.225,MODERATE
W1996,42.23362783,-72.16221694,Chicopee,2008.0,2008.0,2,17.35,3.05,2.0,19.35,2.55,2,2,0,100.0,0.0,58.675,MODERATE
W1997,42.23248582,-72.15785881,Chicopee,2008.0,2008.0,1,20.0,1.8,2.0,22.0,1.3,1,1,0,100.0,0.0,60.0,MODERATE
W1998,42.23472642,-72.16258295,Chicopee,2008.0,2008.0,1,20.0,1.8,2.0,22.0,1.3,1,1,0,100.0,0.0,60.0,MODERATE
W1999,42.2356203,-72.16248331,Chicopee,2008.0,2008.0,1,21.9,6.5,1.0,23.9,6.0,0,0,0,0.0,,10.95,LOW
W2000,42.23468043,-72.16497539,Chicopee,2008.0,2008.0,1,20.2,2.1,2.0,22.2,1.6,1,1,0,100.0,0.0,60.1,MODERATE
W2005,42.15729931,-72.40951214,Chicopee,2008.0,2008.0,6,22.28333333333333,7.916666666666667,2.0,24.28333333333333,7.416666666666667,0,0,0,0.0,,11.141666666666666,MODERATE
W2011,42.34355006,-72.15714041,Chicopee,2008.0,2008.0,6,22.5,7.533333333333334,2.0,24.5,7.033333333333334,0,0,0,0.0,,11.25,MODERATE
W2012,42.17819838,-72.40808521,Chicopee,2008.0,2008.0,26,19.36923076923077,6.523076923076923,0.8076923076923077,21.36923076923077,6.0346153846153845,5,6,1,19.230769230769234,20.0,19.300000000000004,MODERATE
W2013,42.18552906,-72.39405802,Chicopee,2008.0,2008.0,8,23.8,7.6,1.0,25.8,7.1,0,0,0,0.0,,11.9,MODERATE
W2014,42.45975116,-71.9846416,Chicopee,2008.0,2008.0,27,14.307407407407409,7.877777777777777,1.4814814814814814,16.307407407407407,7.396296296296296,5,5,0,18.51851851851852,0.0,16.412962962962965,MODERATE
W2020,42.48792791,-72.21647477,Chicopee,2008.0,2008.0,2,12.35,7.800000000000001,2.0,14.35,7.300000000000001,1,1,0,50.0,0.0,31.175,MODERATE
W2021,42.46843526,-72.25884802,Chicopee,2008.0,2008.0,2,12.6,8.85,1.5,14.6,8.35,0,0,0,0.0,,6.3,LOW
W2022,42.46258282,-72.24561712,Chicopee,2008.0,2008.0,2,12.45,10.05,1.5,14.45,9.55,0,0,0,0.0,,6.225,LOW
W2023,42.49092717,-72.17095628,Chicopee,2008.0,2008.0,2,12.3,10.2,1.5,14.3,9.7,0,0,0,0.0,,6.15,LOW
W2024,42.47162474,-72.16210768,Chicopee,2008.0,2008.0,2,11.7,10.2,1.5,13.7,9.7,0,0,0,0.0,,5.85,LOW
W2025,42.43816198,-72.20732375,Chicopee,2008.0,2020.0,4,16.25,9.4,1.75,18.25,8.9,0,0,0,0.0,,8.125,LOW
W2041,42.27317372,-71.9749944,Chicopee,2014.0,2014.0,3,21.96666666666667,8.200000000000001,1.6666666666666667,23.96666666666667,7.7,0,0,0,0.0,,10.983333333333334,LOW
W2054,42.29088748,-72.33717325,Chicopee,2008.0,2008.0,2,12.45,9.65,1.5,14.45,9.15,0,0,0,0.0,,6.225,LOW
W2062,42.27876651,-71.80543192,Blackstone,2008.0,2008.0,7,19.542857142857144,7.3428571428571425,1.8571428571428572,21.542857142857144,6.8428571428571425,0,0,0,0.0,,9.771428571428572,LOW
W2063,42.09871897,-71.62231403,Blackstone,2008.0,2008.0,4,22.825,8.125,2.0,24.825,7.625,0,0,0,0.0,,11.4125,MODERATE
W2068,42.58506384,-71.8067244,Nashua,2008.0,2008.0,6,10.166666666666666,11.366666666666667,1.0,12.166666666666666,10.866666666666667,0,0,0,0.0,,5.083333333333333,LOW
W2069,42.54337571,-71.74643893,Nashua,2008.0,2008.0,6,9.8,11.066666666666668,1.0,11.8,10.566666666666666,0,0,0,0.0,,4.9,LOW
W2128,42.5124821,-71.3828515,Concord (SuAsCo),2010.0,2010.0,2,15.0,8.1,2.0,17.0,7.6,0,0,0,0.0,,7.5,LOW
W2129,42.32853743,-71.67657471,Concord (SuAsCo),2010.0,2010.0,6,19.333333333333332,8.549999999999999,2.0,21.333333333333332,8.049999999999999,0,0,0,0.0,,9.666666666666666,LOW
W2130,42.59600079,-71.34825495,Concord (SuAsCo),2010.0,2010.0,6,22.5,7.966666666666666,2.0,24.5,7.466666666666666,0,0,0,0.0,,11.25,MODERATE
W2131,42.41229436,-71.65055569,Concord (SuAsCo),2010.0,2010.0,4,17.575,4.625,2.5,19.575,4.125,2,2,0,50.0,0.0,33.7875,MODERATE
W2132,42.46013905,-71.5068318,Concord (SuAsCo),2010.0,2010.0,2,14.6,9.0,2.0,16.6,8.5,0,0,0,0.0,,7.3,LOW
W2133,42.50413128,-71.41551085,Concord (SuAsCo),2010.0,2010.0,6,22.78333333333333,6.183333333333334,2.5,24.78333333333333,5.683333333333334,2,2,0,33.33333333333333,0.0,28.05833333333333,MODERATE
W2134,42.42994117,-71.51519095,Concord (SuAsCo),2010.0,2010.0,6,22.71666666666667,7.283333333333334,2.0,24.71666666666667,6.783333333333334,0,0,0,0.0,,11.358333333333334,MODERATE
W2135,42.31981521,-71.39588095,Concord (SuAsCo),2010.0,2010.0,6,24.0,7.566666666666666,2.0,26.0,7.066666666666666,0,0,0,0.0,,12.0,MODERATE
W2136,42.37245948,-71.42434277,Concord (SuAsCo),2010.0,2010.0,6,23.916666666666668,7.683333333333334,2.0,25.916666666666668,7.183333333333334,0,0,0,0.0,,11.958333333333334,MODERATE
W2137,42.46739849,-71.42842635,Concord (SuAsCo),2010.0,2010.0,6,18.433333333333337,7.366666666666666,2.0,20.433333333333337,6.866666666666666,0,0,0,0.0,,9.216666666666669,LOW
W2138,42.44091924,-71.54610442,Concord (SuAsCo),2010.0,2010.0,6,20.2,6.1000000000000005,2.0,22.2,5.6000000000000005,0,2,2,0.0,0.0,10.1,LOW
W2139,42.33332389,-71.6801695,Concord (SuAsCo),2010.0,2010.0,6,18.916666666666668,8.366666666666667,2.0,20.916666666666668,7.866666666666666,0,0,0,0.0,,9.458333333333334,LOW
W2140,42.30487156,-71.48902528,Concord (SuAsCo),2010.0,2010.0,6,20.333333333333332,8.933333333333334,2.0,22.333333333333332,8.433333333333334,0,0,0,0.0,,10.166666666666666,LOW
W2164,42.2354613,-72.27899479,Chicopee,2014.0,2014.0,3,20.1,9.7,1.6666666666666667,22.1,9.2,0,0,0,0.0,,10.05,LOW
W2165,42.22337829,-72.17965076,Chicopee,2014.0,2014.0,3,21.7,7.366666666666667,1.6666666666666667,23.7,6.866666666666667,0,0,0,0.0,,10.85,LOW
W2166,42.26215141,-72.10659989,Chicopee,2014.0,2014.0,3,16.733333333333334,9.066666666666666,1.6666666666666667,18.733333333333334,8.566666666666666,0,0,0,0.0,,8.366666666666667,LOW
W2178,42.58657345,-71.8162291,Nashua,2011.0,2011.0,2,15.95,9.6,2.0,17.95,9.1,0,0,0,0.0,,7.975,LOW
W2180,42.52661784,-71.75691548,Nashua,2011.0,2011.0,6,21.883333333333336,8.5,2.0,23.883333333333336,8.0,0,0,0,0.0,,10.941666666666668,LOW
W2181,42.20291112,-71.85617251,Blackstone,2011.0,2011.0,6,22.2,7.35,1.6666666666666667,24.2,6.8500000000000005,0,0,0,0.0,,11.1,MODERATE
W2182,42.09310671,-71.73709013,Blackstone,2011.0,2011.0,6,25.03333333333333,8.566666666666666,2.0,27.03333333333333,8.066666666666666,0,0,0,0.0,,12.516666666666666,MODERATE
W2184,42.04216137,-72.09714696,Quinebaug,2011.0,2011.0,6,20.433333333333337,8.333333333333334,1.6666666666666667,22.433333333333337,7.833333333333333,0,0,0,0.0,,10.216666666666669,LOW
W2185,42.32657968,-71.86537248,Blackstone,2011.0,2011.0,5,18.06,6.4799999999999995,2.2,20.06,5.9799999999999995,1,1,0,20.0,0.0,19.03,MODERATE
W2186,42.55308278,-71.66947411,Nashua,2011.0,2011.0,6,24.700000000000003,7.933333333333334,2.0,26.700000000000003,7.433333333333334,0,0,0,0.0,,12.350000000000001,MODERATE
W2187,42.10454751,-71.92879763,French,2011.0,2011.0,6,23.133333333333336,7.233333333333333,1.6666666666666667,25.133333333333336,6.733333333333333,0,0,0,0.0,,11.566666666666668,MODERATE
W2188,42.20836571,-71.69757011,Blackstone,2011.0,2020.0,8,23.175,7.824999999999999,1.75,25.175,7.324999999999999,0,0,0,0.0,,11.5875,MODERATE
W2189,42.07674201,-72.02541007,Quinebaug,2011.0,2011.0,6,19.75,9.0,1.6666666666666667,21.75,8.5,0,0,0,0.0,,9.875,LOW
W2190,42.55979904,-71.86605175,Nashua,2011.0,2011.0,6,22.21666666666667,8.216666666666667,2.0,24.21666666666667,7.716666666666666,0,0,0,0.0,,11.108333333333334,MODERATE
W2191,42.05772637,-72.18751776,Quinebaug,2011.0,2011.0,6,17.416666666666668,9.2,1.6666666666666667,19.416666666666668,8.700000000000001,0,0,0,0.0,,8.708333333333334,LOW
W2192,42.02755221,-71.48301448,Blackstone,2011.0,2011.0,6,20.2,7.2,2.0,22.2,6.7,0,0,0,0.0,,10.1,LOW
W2194,42.58213165,-71.90260492,Nashua,2011.0,2011.0,6,20.616666666666664,8.450000000000001,2.0,22.616666666666664,7.95,0,0,0,0.0,,10.308333333333332,LOW
W2198,42.12335485,-72.20669311,Quinebaug,2011.0,2011.0,4,20.725,4.9,2.75,22.725,4.4,3,3,0,75.0,0.0,47.8625,MODERATE
W2200,42.57871152,-71.82995728,Nashua,2011.0,2011.0,6,22.366666666666664,8.816666666666666,2.0,24.366666666666664,8.316666666666666,0,0,0,0.0,,11.183333333333332,MODERATE
W2201,42.16426655,-71.9488559,French,2011.0,2011.0,6,20.666666666666668,8.266666666666667,1.6666666666666667,22.666666666666668,7.766666666666667,0,0,0,0.0,,10.333333333333334,LOW
W2203,42.23909491,-71.8258417,Blackstone,2011.0,2011.0,8,24.4875,8.125,2.0,26.4875,7.625,0,0,0,0.0,,12.24375,MODERATE
W2205,42.53192718,-71.57910918,Nashua,2011.0,2011.0,6,22.616666666666664,6.266666666666667,2.0,24.616666666666664,5.766666666666667,0,0,0,0.0,,11.308333333333332,MODERATE
W2206,42.13693403,-72.10313327,Quinebaug,2011.0,2011.0,6,17.983333333333334,7.75,1.6666666666666667,19.983333333333334,7.25,0,0,0,0.0,,8.991666666666667,LOW
W2207,42.02932229,-71.60542161,Blackstone,2011.0,2011.0,6,19.55,7.216666666666666,2.0,21.55,6.716666666666666,0,0,0,0.0,,9.775,LOW
W2208,42.23359373,-71.8557513,Blackstone,2011.0,2011.0,6,21.383333333333336,8.35,2.0,23.383333333333336,7.849999999999999,0,0,0,0.0,,10.691666666666668,LOW
W2209,42.59040888,-71.86334389,Nashua,2011.0,2011.0,6,19.566666666666663,8.816666666666666,2.0,21.566666666666663,8.316666666666666,0,0,0,0.0,,9.783333333333331,LOW
W2212,42.47692289,-71.72378538,Nashua,2011.0,2011.0,6,19.7,8.633333333333333,2.0,21.7,8.133333333333333,0,0,0,0.0,,9.85,LOW
W2213,42.1427144,-71.86184525,French,2011.0,2011.0,6,19.166666666666668,8.466666666666667,1.6666666666666667,21.166666666666668,7.966666666666666,0,0,0,0.0,,9.583333333333334,LOW
W2214,42.06151141,-72.06454171,Quinebaug,2011.0,2011.0,6,19.3,8.516666666666667,1.6666666666666667,21.3,8.016666666666667,0,0,0,0.0,,9.65,LOW
W2216,42.5334948,-71.90277886,Nashua,2011.0,2011.0,2,14.1,6.699999999999999,2.0,16.1,6.199999999999999,0,0,0,0.0,,7.05,LOW
W2218,42.46470593,-72.38454489,Chicopee,2011.0,2017.0,18,16.994444444444444,9.066666666666666,1.7222222222222223,18.994444444444444,8.566666666666666,0,0,0,0.0,,8.497222222222222,LOW
W2220,42.03481475,-72.16158627,Quinebaug,2013.0,2017.0,12,17.683333333333334,8.933333333333334,1.6666666666666667,19.683333333333337,8.433333333333334,0,0,0,0.0,,8.841666666666667,LOW
W2226,42.38381603,-71.83775116,Nashua,2013.0,2016.0,16,18.86875,8.575,1.75,20.86875,8.075,0,0,0,0.0,,9.434375,LOW
W2227,42.63595037,-71.30148697,Concord (SuAsCo),2011.0,2016.0,20,14.89,10.585,1.25,16.89,10.085,0,0,0,0.0,,7.445,LOW
W2284,42.04638466,-71.6301536,Blackstone,2013.0,2020.0,17,20.241176470588236,8.58235294117647,1.7647058823529411,22.241176470588236,8.08235294117647,0,0,0,0.0,,10.120588235294118,LOW
W2324,42.44207131,-72.36869256,Chicopee,2014.0,2014.0,3,17.066666666666666,9.233333333333333,1.3333333333333333,19.066666666666663,8.733333333333333,0,0,0,0.0,,8.533333333333333,LOW
W2350,42.09324205,-72.31183457,Chicopee,2014.0,2014.0,3,16.533333333333335,9.6,1.6666666666666667,18.533333333333335,9.1,0,0,0,0.0,,8.266666666666667,LOW
W2409,42.706137,-71.751964,Nashua,2013.0,2014.0,8,18.175,8.3375,1.75,20.175,7.8375,0,0,0,0.0,,9.0875,LOW
W2410,42.664623,-71.753811,Nashua,2013.0,2019.0,19,17.95263157894737,8.505263157894737,1.736842105263158,19.95263157894737,8.005263157894737,0,0,0,0.0,,8.976315789473684,LOW
W2413,42.00792,-71.70506,Blackstone,2013.0,2020.0,19,19.457894736842103,8.426315789473684,1.736842105263158,21.457894736842103,7.9263157894736835,0,0,0,0.0,,9.728947368421052,LOW
W2455,42.2526325,-72.05643235,Chicopee,2014.0,2014.0,2,17.4,8.45,2.0,19.4,7.949999999999999,0,0,0,0.0,,8.7,LOW
W2456,42.47216953,-72.25680238,Chicopee,2014.0,2014.0,3,19.066666666666663,7.133333333333333,1.3333333333333333,21.066666666666663,6.633333333333333,0,0,0,0.0,,9.533333333333331,LOW
W2457,42.05933009,-72.27160475,Chicopee,2014.0,2014.0,3,16.633333333333333,7.5,1.6666666666666667,18.633333333333333,7.0,0,0,0,0.0,,8.316666666666666,LOW
W2459,42.2036239,-72.00426939,Chicopee,2014.0,2014.0,2,14.7,5.550000000000001,2.0,16.700000000000003,5.050000000000001,1,1,0,50.0,0.0,32.35,MODERATE
W2462,42.38732571,-72.37351445,Chicopee,2014.0,2014.0,3,16.066666666666666,9.366666666666667,1.3333333333333333,18.066666666666663,8.866666666666667,0,0,0,0.0,,8.033333333333333,LOW
W2507,42.5943564,-71.3406697,Concord (SuAsCo),2015.0,2015.0,3,19.6,3.8666666666666663,2.0,21.6,3.3666666666666667,2,3,1,66.66666666666666,50.0,43.133333333333326,MODERATE
W2508,42.2247791,-71.4776709,Concord (SuAsCo),2015.0,2015.0,3,18.033333333333335,4.966666666666667,1.6666666666666667,20.033333333333335,4.466666666666667,1,2,1,33.33333333333333,100.0,25.68333333333333,MODERATE
W2511,42.4276412,-71.4854492,Concord (SuAsCo),2015.0,2015.0,3,19.466666666666665,4.533333333333333,2.0,21.46666666666667,4.033333333333333,2,2,0,66.66666666666666,0.0,43.06666666666666,MODERATE
W2513,42.2532139,-71.56727,Concord (SuAsCo),2015.0,2015.0,3,17.933333333333334,1.8333333333333333,2.3333333333333335,19.933333333333337,1.3333333333333333,3,3,0,100.0,0.0,58.96666666666667,MODERATE
W2520,42.347696,-71.5179405,Concord (SuAsCo),2015.0,2015.0,3,18.933333333333337,4.633333333333334,1.6666666666666667,20.933333333333337,4.133333333333334,1,2,1,33.33333333333333,100.0,26.133333333333333,MODERATE
W2524,42.4768312,-71.5654205,Concord (SuAsCo),2015.0,2015.0,1,17.8,4.1,3.0,19.8,3.5999999999999996,1,1,0,100.0,0.0,58.9,MODERATE
W2525,42.4356962,-71.5704097,Concord (SuAsCo),2015.0,2015.0,3,19.466666666666665,6.933333333333334,1.3333333333333333,21.46666666666667,6.433333333333334,0,0,0,0.0,,9.733333333333333,LOW
W2527,42.5267785,-71.4134214,Concord (SuAsCo),2015.0,2015.0,2,17.9,4.85,2.0,19.9,4.35,1,1,0,50.0,0.0,33.95,MODERATE
W2528,42.2910744,-71.6885308,Concord (SuAsCo),2015.0,2015.0,3,18.233333333333334,8.366666666666667,1.3333333333333333,20.233333333333334,7.866666666666667,0,0,0,0.0,,9.116666666666667,LOW
W2531,42.2871321,-71.6512886,Concord (SuAsCo),2015.0,2015.0,3,20.2,6.766666666666667,1.3333333333333333,22.2,6.266666666666667,0,0,0,0.0,,10.1,LOW
W2536,42.3193238,-71.3955834,Concord (SuAsCo),2015.0,2015.0,3,22.233333333333334,8.833333333333334,1.3333333333333333,24.233333333333334,8.333333333333334,0,0,0,0.0,,11.116666666666667,MODERATE
W2541,42.444418,-71.551697,Concord (SuAsCo),2015.0,2016.0,7,21.714285714285715,7.457142857142857,1.7142857142857142,23.714285714285715,6.957142857142857,0,0,0,0.0,,10.857142857142858,LOW
W2544,42.398058,-71.658249,Concord (SuAsCo),2015.0,2016.0,8,21.4,8.125,1.75,23.4,7.625,0,0,0,0.0,,10.7,LOW
W2547,42.56231539,-71.33630595,Concord (SuAsCo),2015.0,2016.0,7,11.428571428571429,9.857142857142858,1.2857142857142858,13.428571428571429,9.357142857142858,0,0,0,0.0,,5.714285714285714,LOW
W2548,42.61458152,-71.32256374,Concord (SuAsCo),2015.0,2016.0,7,14.085714285714287,7.528571428571429,1.4285714285714286,16.085714285714285,7.028571428571429,1,1,0,14.285714285714285,0.0,14.185714285714287,MODERATE
W2549,42.63381819,-71.30053328,Concord (SuAsCo),2015.0,2016.0,7,16.928571428571427,9.271428571428572,1.2857142857142858,18.928571428571427,8.771428571428572,0,0,0,0.0,,8.464285714285714,LOW
W2619,42.05296096,-72.15851801,Quinebaug,2016.0,2016.0,20,23.475,6.45,2.2,25.475,5.965,4,4,0,20.0,0.0,21.7375,HIGH
W2624,42.45860912,-72.13100007,Chicopee,2016.0,2016.0,14,22.442857142857143,6.2,2.0714285714285716,24.442857142857143,5.7,1,1,0,7.142857142857142,0.0,14.792857142857143,MODERATE
W2625,42.1169928,-71.90951431,French,2016.0,2016.0,16,22.44375,6.4125,1.5625,24.44375,5.9125,1,3,2,6.25,200.0,14.346875,MODERATE
W2627,42.12009007,-72.13122415,Quinebaug,2016.0,2016.0,18,21.211111111111112,6.75,1.8333333333333333,23.211111111111112,6.266666666666667,3,3,0,16.666666666666664,0.0,18.93888888888889,MODERATE
W2629,42.53538777,-72.11401537,Chicopee,2016.0,2016.0,22,21.92727272727273,7.427272727272728,2.136363636363636,23.92727272727273,6.927272727272728,3,3,0,13.636363636363637,0.0,17.78181818181818,MODERATE
W2631,42.35064193,-71.99240896,Chicopee,2016.0,2016.0,19,22.7,8.105263157894736,2.0,24.7,7.605263157894737,0,1,1,0.0,0.0,11.35,MODERATE
W2633,42.3121799,-72.23904354,Chicopee,2016.0,2016.0,13,23.207692307692305,6.292307692307692,2.0,25.207692307692305,5.792307692307692,3,3,0,23.076923076923077,0.0,23.14230769230769,HIGH
W2637,42.05025716,-72.24662045,Chicopee,2016.0,2016.0,8,22.925,5.975,2.125,24.925,5.475,1,2,1,12.5,100.0,17.7125,MODERATE
W2640,42.245392,-71.91672999,French,2016.0,2016.0,18,22.6,7.838888888888889,1.6666666666666667,24.6,7.338888888888889,0,0,0,0.0,,11.3,MODERATE
W2666,42.2585509,-71.8916635,Blackstone,2017.0,2017.0,16,20.4375,7.9375,1.75,22.4375,7.4375,1,1,0,6.25,0.0,13.34375,MODERATE
W2668,42.2865424,-71.412718,Concord (SuAsCo),2017.0,2017.0,13,22.77692307692308,5.7153846153846155,1.8461538461538465,24.77692307692308,5.2153846153846155,4,4,0,30.76923076923077,0.0,26.773076923076925,MODERATE
W2672,42.39611,-71.4949986,Concord (SuAsCo),2017.0,2017.0,17,21.294117647058822,7.423529411764706,1.5294117647058822,23.294117647058822,6.935294117647059,2,3,1,11.76470588235294,50.0,16.52941176470588,MODERATE
W2676,42.0475462,-71.7682111,Blackstone,2017.0,2017.0,17,21.229411764705883,6.2823529411764705,1.9411764705882353,23.229411764705883,5.7823529411764705,5,5,0,29.411764705882355,0.0,25.320588235294117,MODERATE
W2682,42.3019466,-71.5128697,Concord (SuAsCo),2017.0,2017.0,35,18.888571428571428,5.585714285714285,1.9142857142857144,20.888571428571428,5.085714285714285,16,17,1,45.714285714285715,6.25,32.30142857142857,MODERATE
W2684,42.5663185,-71.388142,Concord (SuAsCo),2017.0,2017.0,10,20.08,6.45,2.0,22.08,5.95,2,3,1,20.0,50.0,20.04,MODERATE
W2686,42.4942145,-71.7835053,Nashua,2017.0,2017.0,23,19.882608695652173,7.543478260869565,1.7826086956521738,21.882608695652173,7.043478260869565,3,3,0,13.043478260869565,0.0,16.463043478260868,MODERATE
W2688,42.5375642,-71.6046167,Nashua,2017.0,2017.0,9,22.055555555555557,6.377777777777777,2.4444444444444446,24.055555555555557,5.877777777777777,3,4,1,33.33333333333333,33.33333333333333,27.694444444444443,MODERATE
W2690,42.3059341,-71.6172087,Concord (SuAsCo),2017.0,2017.0,18,19.594444444444445,5.033333333333333,2.0,21.594444444444445,4.55,8,12,4,44.44444444444444,50.0,32.019444444444446,MODERATE
W2692,42.5083102,-71.8811837,Nashua,2017.0,2017.0,23,20.517391304347825,6.726086956521739,1.8695652173913044,22.517391304347825,6.239130434782608,5,5,0,21.73913043478261,0.0,21.128260869565217,MODERATE
W2694,42.1145632,-71.7422755,Blackstone,2017.0,2017.0,21,22.728571428571428,8.028571428571428,1.7142857142857142,24.728571428571428,7.5285714285714285,1,1,0,4.761904761904762,0.0,13.745238095238095,MODERATE
W2699,42.3766553,-71.7695512,Nashua,2017.0,2017.0,21,20.823809523809523,10.485714285714286,1.7142857142857142,22.823809523809523,9.985714285714286,1,1,0,4.761904761904762,0.0,12.792857142857143,LOW
W2706,42.4607823,-71.4322555,Concord (SuAsCo),2017.0,2017.0,7,23.7,6.828571428571428,1.5714285714285714,25.7,6.328571428571428,1,1,0,14.285714285714285,0.0,18.99285714285714,HIGH
W2708,42.5168034,-71.8554472,Nashua,2017.0,2017.0,15,21.586666666666662,6.526666666666667,1.8,23.586666666666662,6.026666666666667,2,2,0,13.333333333333334,0.0,17.459999999999997,MODERATE
W2712,42.6487901,-71.8434475,Nashua,2017.0,2017.0,19,21.18947368421053,7.326315789473684,2.1052631578947367,23.18947368421053,6.826315789473684,2,3,1,10.526315789473683,50.0,15.857894736842105,MODERATE
W2717,42.3167909,-71.6184564,Concord (SuAsCo),2017.0,2017.0,9,20.655555555555555,5.988888888888889,1.5555555555555556,22.655555555555555,5.488888888888889,4,4,0,44.44444444444444,0.0,32.55,MODERATE
W2886,42.44662969,-71.8181233,Nashua,2019.0,2019.0,3,17.3,9.066666666666668,1.6666666666666667,19.3,8.566666666666668,0,0,0,0.0,,8.65,LOW
W2887,42.61760369,-71.72624143,Nashua,2019.0,2019.0,3,16.733333333333334,7.733333333333333,1.6666666666666667,18.733333333333334,7.233333333333333,0,0,0,0.0,,8.366666666666667,LOW
W2888,42.70288914,-71.75177322,Nashua,2019.0,2019.0,3,16.666666666666668,8.566666666666666,1.6666666666666667,18.666666666666668,8.066666666666666,0,0,0,0.0,,8.333333333333334,LOW
W2899,42.46777728,-72.15673762,Chicopee,2019.0,2019.0,3,19.666666666666668,8.566666666666668,1.6666666666666667,21.666666666666668,8.066666666666668,0,0,0,0.0,,9.833333333333334,LOW
W2900,42.43953233,-72.04115765,Chicopee,2019.0,2019.0,3,19.2,8.4,1.6666666666666667,21.2,7.9,0,0,0,0.0,,9.6,LOW
W2901,42.20154773,-72.04487072,Chicopee,2019.0,2019.0,3,18.5,3.0666666666666664,2.6666666666666665,20.5,2.566666666666667,3,3,0,100.0,0.0,59.25,MODERATE
W2902,42.05048837,-72.09627321,Quinebaug,2019.0,2019.0,3,17.533333333333335,8.833333333333334,1.6666666666666667,19.533333333333335,8.333333333333334,0,0,0,0.0,,8.766666666666667,LOW
W2903,42.01542185,-71.79841192,Quinebaug,2019.0,2019.0,3,18.833333333333332,8.4,1.6666666666666667,20.833333333333332,7.9,0,0,0,0.0,,9.416666666666666,LOW
W2904,42.07493076,-71.7950707,Blackstone,2019.0,2019.0,3,17.433333333333334,7.333333333333333,1.6666666666666667,19.433333333333337,6.833333333333333,0,0,0,0.0,,8.716666666666667,LOW
W2905,42.04529263,-71.65201157,Blackstone,2019.0,2019.0,3,20.866666666666664,8.233333333333334,1.6666666666666667,22.866666666666664,7.733333333333334,0,0,0,0.0,,10.433333333333332,LOW
W2906,42.18795491,-71.62720825,Blackstone,2019.0,2019.0,3,19.433333333333337,5.800000000000001,2.3333333333333335,21.433333333333337,5.300000000000001,2,2,0,66.66666666666666,0.0,43.05,MODERATE
W2944,42.30793443,-71.80008188,Blackstone,2019.0,2020.0,2,14.8,7.0,1.5,16.799999999999997,6.5,1,1,0,50.0,0.0,32.4,MODERATE
W2945,42.30647078,-71.76580774,Blackstone,2019.0,2020.0,4,15.575,9.45,1.5,17.575,8.95,0,0,0,0.0,,7.7875,LOW
W2946,42.23658166,-71.70515602,Blackstone,2019.0,2020.0,2,15.85,8.850000000000001,1.0,17.85,8.350000000000001,0,0,0,0.0,,7.925,LOW
W2947,42.17548786,-71.72816762,Blackstone,2019.0,2020.0,2,13.4,9.85,1.0,15.4,9.35,0,0,0,0.0,,6.7,LOW
W2948,42.30798331,-71.81943101,Blackstone,2019.0,2020.0,4,15.625,8.45,1.25,17.625,7.95,0,1,1,0.0,0.0,7.8125,LOW
W2949,42.20322946,-71.8374543,Blackstone,2019.0,2020.0,2,14.25,10.85,1.0,16.25,10.35,0,0,0,0.0,,7.125,LOW
W2950,42.19026146,-71.84582602,Blackstone,2019.0,2020.0,2,14.15,10.1,1.0,16.15,9.6,0,0,0,0.0,,7.075,LOW
W2962,42.16373516,-72.534428,Chicopee,2020.0,2020.0,2,20.3,8.1,2.0,22.3,7.6,0,0,0,0.0,,10.15,LOW
W2963,42.18866352,-72.45219345,Chicopee,2020.0,2020.0,2,17.549999999999997,9.0,2.0,19.549999999999997,8.5,0,0,0,0.0,,8.774999999999999,LOW
W2964,42.21061244,-72.40257059,Chicopee,2020.0,2020.0,2,19.65,5.5,2.5,21.65,5.0,1,1,0,50.0,0.0,34.825,MODERATE
W2965,42.17332508,-72.25295351,Chicopee,2020.0,2020.0,2,20.9,8.95,2.0,22.9,8.45,0,0,0,0.0,,10.45,LOW
W2966,42.22326789,-72.22512226,Chicopee,2020.0,2020.0,2,20.4,8.45,2.0,22.4,7.95,0,0,0,0.0,,10.2,LOW
W2967,42.28886649,-72.12794852,Chicopee,2020.0,2020.0,2,20.15,6.9,2.0,22.15,6.4,0,1,1,0.0,0.0,10.075,LOW
W2968,42.2978692,-72.11726439,Chicopee,2020.0,2020.0,2,22.25,8.2,2.0,24.25,7.7,0,0,0,0.0,,11.125,MODERATE
W2969,42.31427223,-72.09667589,Chicopee,2020.0,2020.0,1,18.6,7.0,2.0,20.6,6.5,0,0,0,0.0,,9.3,LOW
W2970,42.58473938,-71.77277533,Nashua,2020.0,2020.0,2,18.9,8.05,2.0,20.9,7.55,0,0,0,0.0,,9.45,LOW
W2971,42.21712393,-71.99983627,Chicopee,2020.0,2020.0,2,25.35,6.449999999999999,2.0,27.35,5.949999999999999,0,0,0,0.0,,12.675,MODERATE
W2972,42.27077749,-71.98279137,Chicopee,2020.0,2020.0,2,19.3,8.7,2.0,21.3,8.2,0,0,0,0.0,,9.65,LOW
W2973,42.33884782,-72.03406499,Chicopee,2020.0,2020.0,2,21.799999999999997,6.75,2.0,23.799999999999997,6.25,0,0,0,0.0,,10.899999999999999,LOW
W2974,42.33173523,-72.05029579,Chicopee,2020.0,2020.0,2,26.3,5.85,2.0,28.3,5.35,0,0,0,0.0,,13.15,MODERATE
W2975,42.2164917,-72.37689964,Chicopee,2020.0,2020.0,2,19.25,4.8,2.5,21.25,4.3,1,1,0,50.0,0.0,34.625,MODERATE
W2977,42.44429909,-72.37166057,Chicopee,2020.0,2020.0,2,17.95,9.0,2.0,19.95,8.5,0,0,0,0.0,,8.975,LOW
W2978,42.36492922,-72.32529204,Chicopee,2020.0,2020.0,2,19.05,8.9,2.0,21.05,8.4,0,0,0,0.0,,9.525,LOW
W2979,42.50329864,-72.31786462,Chicopee,2020.0,2020.0,2,16.8,7.65,2.0,18.8,7.15,0,0,0,0.0,,8.4,LOW
W2980,42.51854875,-72.31737256,Chicopee,2020.0,2020.0,2,20.9,7.4,2.0,22.9,6.9,0,0,0,0.0,,10.45,LOW
W2982,42.45211895,-72.16662911,Chicopee,2020.0,2020.0,2,17.5,8.9,2.0,19.5,8.4,0,0,0,0.0,,8.75,LOW
W2983,42.35641055,-72.23099629,Chicopee,2020.0,2020.0,2,19.85,5.85,2.5,21.85,5.35,1,1,0,50.0,0.0,34.925,MODERATE
W2984,42.31493164,-72.20590855,Chicopee,2020.0,2020.0,2,21.25,8.25,2.0,23.25,7.75,0,0,0,0.0,,10.625,LOW
W2985,42.31601104,-72.18146595,Chicopee,2020.0,2020.0,2,19.049999999999997,8.25,2.0,21.049999999999997,7.75,0,0,0,0.0,,9.524999999999999,LOW
W2986,42.41359781,-72.14305722,Chicopee,2020.0,2020.0,2,22.299999999999997,2.5,3.0,24.299999999999997,2.0,2,2,0,100.0,0.0,61.15,MODERATE
W2987,42.37739264,-72.10776295,Chicopee,2020.0,2020.0,2,22.0,8.5,2.0,24.0,8.0,0,0,0,0.0,,11.0,MODERATE
W2988,42.37487541,-72.08751928,Chicopee,2020.0,2020.0,2,18.6,8.85,1.0,20.6,8.35,0,0,0,0.0,,9.3,LOW
W2989,42.45158172,-72.0300279,Chicopee,2020.0,2020.0,2,23.200000000000003,5.25,2.0,25.200000000000003,4.75,0,1,1,0.0,0.0,11.600000000000001,MODERATE
W2990,42.41614547,-72.00792237,Chicopee,2020.0,2020.0,2,26.4,9.0,2.0,28.4,8.5,0,0,0,0.0,,13.2,MODERATE
W2991,42.44674169,-71.93975559,Chicopee,2020.0,2020.0,2,25.200000000000003,4.45,3.5,27.200000000000003,3.95,2,2,0,100.0,0.0,62.6,CRISIS
W2992,41.94464888,-71.37166023,Blackstone,2020.0,2020.0,2,23.5,7.9,2.0,25.5,7.4,0,0,0,0.0,,11.75,MODERATE
W2993,42.02818823,-71.53998784,Blackstone,2020.0,2020.0,2,20.200000000000003,7.85,2.0,22.200000000000003,7.35,0,0,0,0.0,,10.100000000000001,LOW
W2994,42.09240248,-71.59154659,Blackstone,2020.0,2020.0,2,19.7,5.75,1.0,21.7,5.25,0,1,1,0.0,0.0,9.85,LOW
W2995,42.22575344,-71.65289845,Blackstone,2020.0,2020.0,2,17.95,4.85,2.5,19.95,4.35,1,1,0,50.0,0.0,33.975,MODERATE
W2996,42.1149129,-71.70458582,Blackstone,2020.0,2020.0,2,17.6,0.8500000000000001,3.0,19.6,0.4,2,2,0,100.0,0.0,58.8,MODERATE
W2997,42.10854137,-71.69487674,Blackstone,2020.0,2020.0,2,18.9,8.05,2.0,20.9,7.550000000000001,0,0,0,0.0,,9.45,LOW
W2998,42.07200745,-71.70324028,Blackstone,2020.0,2020.0,2,18.7,8.1,2.0,20.7,7.6,0,0,0,0.0,,9.35,LOW
W2999,42.22369805,-71.68770771,Blackstone,2020.0,2020.0,2,19.35,3.45,3.0,21.35,2.95,2,2,0,100.0,0.0,59.675,MODERATE
W3000,42.29051615,-71.7673158,Blackstone,2020.0,2020.0,2,19.549999999999997,8.65,2.0,21.549999999999997,8.15,0,0,0,0.0,,9.774999999999999,LOW
W3001,42.26151866,-71.84831069,Blackstone,2020.0,2020.0,2,18.65,5.4,2.0,20.65,4.9,0,1,1,0.0,0.0,9.325,LOW
W3002,42.30545572,-71.87758341,Blackstone,2020.0,2020.0,1,20.2,6.2,2.0,22.2,5.7,0,0,0,0.0,,10.1,LOW
W3007,42.56717587,-71.69666278,Nashua,2020.0,2020.0,2,16.6,7.0,2.0,18.6,6.5,0,0,0,0.0,,8.3,LOW
W3008,42.35232578,-71.89096029,Nashua,2020.0,2020.0,2,17.700000000000003,5.300000000000001,2.5,19.700000000000003,4.800000000000001,1,1,0,50.0,0.0,33.85,MODERATE
W3009,42.39315061,-71.58188625,Concord (SuAsCo),2020.0,2020.0,2,20.450000000000003,7.55,1.0,22.450000000000003,7.05,0,0,0,0.0,,10.225000000000001,LOW
W3010,42.44794562,-71.3782804,Concord (SuAsCo),2020.0,2020.0,2,24.4,6.4,2.0,26.4,5.9,0,0,0,0.0,,12.2,MODERATE
W3011,42.38602647,-71.43974631,Concord (SuAsCo),2020.0,2020.0,2,19.450000000000003,8.25,2.0,21.450000000000003,7.75,0,0,0,0.0,,9.725000000000001,LOW
W3012,42.37600327,-71.47659538,Concord (SuAsCo),2020.0,2020.0,2,27.0,7.55,2.0,29.0,7.05,0,0,0,0.0,,13.5,MODERATE
