UNIQUE_ID,avg_summer_temp,avg_summer_do,critical_events,sample_count,cluster,risk_category
W0013,15.440000000000001,8.2,0,5,1,Low Risk
W0026,18.087500000000002,9.3125,0,8,1,Low Risk
W0029,18.2625,9.05,0,8,1,Low Risk
W0035,17.6,8.940000000000001,0,5,1,Low Risk
W0051,24.022222222222222,3.1444444444444444,9,9,0,High Risk
W0075,22.150000000000002,8.283333333333333,0,6,2,Medium Risk
W0086,21.1625,7.975,0,8,2,Medium Risk
W0091,20.05,4.925,5,8,0,High Risk
W0093,17.925,4.875,4,8,0,High Risk
W0097,20.3875,5.6000000000000005,1,8,2,Medium Risk
W0099,16.314285714285713,7.3999999999999995,0,7,1,Low Risk
W0107,23.457142857142856,3.4857142857142853,6,7,0,High Risk
W0110,22.355555555555554,4.966666666666667,3,9,0,High Risk
W0112,20.27777777777778,3.9111111111111114,7,9,0,High Risk
W0113,22.585714285714285,3.471428571428571,6,7,0,High Risk
W0121,21.6,3.322222222222222,8,9,0,High Risk
W0130,20.87777777777778,5.766666666666667,2,9,2,Medium Risk
W0136,21.255555555555556,2.6333333333333333,9,9,0,High Risk
W0139,19.9,1.5125,8,8,0,High Risk
W0168,21.36,8.34,0,5,2,Medium Risk
W0169,20.479999999999997,5.0,3,5,0,High Risk
W0170,20.380000000000003,6.959999999999999,0,5,2,Medium Risk
W0172,23.02,6.82,0,5,2,Medium Risk
W0173,23.32,6.7,0,5,2,Medium Risk
W0175,22.98,5.88,1,5,2,Medium Risk
W0176,22.0,7.279999999999999,0,5,2,Medium Risk
W0179,23.22,4.84,2,5,2,Medium Risk
W0181,14.26,8.24,0,5,1,Low Risk
W0183,17.98,6.659999999999999,0,5,1,Low Risk
W0293,16.415384615384617,9.546153846153846,0,13,1,Low Risk
W0344,19.836363636363636,8.445454545454545,0,11,1,Low Risk
W0347,21.864516129032257,6.629032258064516,7,31,0,High Risk
W0348,20.075,4.675,7,16,0,High Risk
W0357,18.014285714285712,1.6285714285714286,7,7,0,High Risk
W0371,18.433333333333334,8.916666666666666,0,6,1,Low Risk
W0384,21.785714285714285,5.171428571428572,4,7,0,High Risk
W0406,21.01666666666667,8.049999999999999,0,6,2,Medium Risk
W0407,22.5,5.433333333333334,3,6,2,Medium Risk
W0408,18.833333333333332,4.933333333333334,3,6,0,High Risk
W0409,18.816666666666666,8.133333333333335,0,6,1,Low Risk
W0414,21.65,8.325,0,8,2,Medium Risk
W0416,18.16,6.5200000000000005,1,5,1,Low Risk
W0435,16.16,5.220000000000001,2,5,1,Low Risk
W0436,17.759999999999998,7.720000000000001,0,5,1,Low Risk
W0437,18.3,4.720000000000001,3,5,0,High Risk
W0448,15.7,5.12,3,5,0,High Risk
W0451,17.183333333333334,6.183333333333334,0,6,1,Low Risk
W0452,19.2,7.216666666666666,0,6,1,Low Risk
W0453,20.54,7.88,0,5,1,Low Risk
W0454,21.32,7.7,0,5,2,Medium Risk
W0480,20.5,8.549999999999999,0,6,1,Low Risk
W0481,19.716666666666665,8.066666666666666,0,18,1,Low Risk
W0482,17.55,6.933333333333334,2,6,1,Low Risk
W0483,16.822222222222223,8.522222222222222,0,9,1,Low Risk
W0484,21.099999999999998,6.166666666666667,1,6,2,Medium Risk
W0485,21.375,7.583333333333333,0,12,2,Medium Risk
W0486,20.95,8.25,0,6,2,Medium Risk
W0487,20.02777777777778,7.022222222222222,0,18,1,Low Risk
W0488,20.733333333333334,7.949999999999999,0,6,2,Medium Risk
W0490,19.37272727272727,8.231818181818182,0,22,1,Low Risk
W0491,23.426315789473687,8.88421052631579,0,19,2,Medium Risk
W0492,22.075,8.695,0,20,2,Medium Risk
W0493,14.670000000000002,10.51,0,20,1,Low Risk
W0494,21.535,8.36,0,20,2,Medium Risk
W0495,24.842857142857145,6.442857142857143,0,7,2,Medium Risk
W0496,21.038888888888888,7.783333333333333,0,18,2,Medium Risk
W0502,21.566666666666666,8.216666666666667,0,6,2,Medium Risk
W0515,21.975,4.725,8,16,0,High Risk
W0600,22.053846153846152,8.623076923076923,0,13,2,Medium Risk
W0601,23.133333333333336,7.658333333333334,0,12,2,Medium Risk
W0602,22.666666666666668,8.1,0,12,2,Medium Risk
W0603,13.273170731707317,6.309756097560975,12,41,0,High Risk
W0604,24.676923076923078,6.876923076923077,2,13,2,Medium Risk
W0608,21.116666666666667,9.816666666666666,0,6,1,Low Risk
W0615,18.941666666666666,9.091666666666667,0,12,1,Low Risk
W0622,20.599999999999998,2.8166666666666664,6,6,0,High Risk
W0624,18.683333333333334,8.283333333333333,0,6,1,Low Risk
W0637,18.016666666666666,7.583333333333333,0,6,1,Low Risk
W0638,19.766666666666666,5.966666666666666,0,6,2,Medium Risk
W0641,22.666666666666668,6.683333333333334,0,6,2,Medium Risk
W0651,20.333333333333332,5.616666666666667,2,6,2,Medium Risk
W0654,18.233333333333334,8.15,0,6,1,Low Risk
W0661,19.233333333333334,5.6499999999999995,1,6,2,Medium Risk
W0665,19.01666666666667,7.666666666666667,0,6,1,Low Risk
W0680,21.147058823529413,8.141176470588235,0,17,2,Medium Risk
W0681,15.633333333333333,9.31111111111111,0,9,1,Low Risk
W0682,24.271428571428572,7.328571428571428,0,7,2,Medium Risk
W0685,22.288888888888888,7.0,0,9,2,Medium Risk
W0686,23.655555555555555,7.1,0,9,2,Medium Risk
W0689,23.78,7.55,0,10,2,Medium Risk
W0690,21.71666666666667,8.825000000000001,0,12,2,Medium Risk
W0691,20.79090909090909,7.672727272727273,0,11,2,Medium Risk
W0692,22.566666666666666,7.677777777777777,0,18,2,Medium Risk
W0693,21.075,4.875,7,12,0,High Risk
W0694,21.977777777777778,7.6000000000000005,0,18,2,Medium Risk
W0695,19.892857142857142,6.514285714285714,0,14,2,Medium Risk
W0696,22.24285714285714,8.235714285714286,0,14,2,Medium Risk
W0697,23.10909090909091,8.009090909090908,0,11,2,Medium Risk
W0698,20.259999999999998,6.659999999999999,1,10,2,Medium Risk
W0754,24.85072463768116,8.084057971014492,4,69,2,Medium Risk
W0762,24.131506849315066,7.745205479452054,8,73,0,High Risk
W0767,21.7375,7.3875,1,16,2,Medium Risk
W0821,21.86,6.58,0,5,2,Medium Risk
W0858,22.4,7.12,0,5,2,Medium Risk
W0869,21.95,4.883333333333334,3,6,0,High Risk
W0877,17.259999999999998,8.18,0,5,1,Low Risk
W0878,18.16,9.18,0,5,1,Low Risk
W0882,18.24,4.58,3,5,0,High Risk
W0883,19.240000000000002,7.44,0,5,1,Low Risk
W0889,18.116666666666667,7.583333333333333,0,6,1,Low Risk
W0901,24.84,7.359999999999999,0,5,2,Medium Risk
W0905,19.36,6.62,0,5,1,Low Risk
W0923,23.7,8.016666666666667,2,12,2,Medium Risk
W0925,24.71,8.61,1,10,2,Medium Risk
W0926,24.644086021505377,7.697849462365591,4,93,2,Medium Risk
W0930,24.695348837209306,7.265116279069767,7,86,0,High Risk
W0940,23.11818181818182,7.609090909090909,0,11,2,Medium Risk
W0947,24.125,6.95,4,12,2,Medium Risk
W0958,20.8625,7.21875,4,16,2,Medium Risk
W0970,19.53,7.33,4,20,1,Low Risk
W0989,17.7375,8.7,0,8,1,Low Risk
W0993,22.03333333333333,8.1,0,6,2,Medium Risk
W0998,22.0,8.059999999999999,0,5,2,Medium Risk
W1000,21.05,6.833333333333333,0,6,2,Medium Risk
W1001,22.75,5.216666666666667,1,6,2,Medium Risk
W1005,14.914705882352942,6.1499999999999995,13,34,0,High Risk
W1008,21.183333333333334,8.183333333333332,0,6,2,Medium Risk
W1012,15.1,10.016666666666667,0,6,1,Low Risk
W1013,17.816666666666666,9.299999999999999,0,6,1,Low Risk
W1014,22.8,8.133333333333333,0,6,2,Medium Risk
W1015,21.383333333333336,8.700000000000001,0,6,2,Medium Risk
W1018,22.566666666666666,7.116666666666667,0,6,2,Medium Risk
W1023,22.266666666666666,8.15,0,6,2,Medium Risk
W1025,21.633333333333336,7.75,0,6,2,Medium Risk
W1031,23.3375,8.3375,0,8,2,Medium Risk
W1033,20.983333333333334,8.633333333333333,0,6,1,Low Risk
W1036,19.916666666666668,5.55,0,6,2,Medium Risk
W1038,24.566666666666666,7.483333333333333,0,6,2,Medium Risk
W1039,19.46,8.08,0,5,1,Low Risk
W1050,18.775,7.925,0,8,1,Low Risk
W1051,20.0625,7.875,0,8,1,Low Risk
W1052,21.119999999999997,8.22,0,5,2,Medium Risk
W1055,17.775,8.9,0,8,1,Low Risk
W1061,21.45,7.5375,0,8,2,Medium Risk
W1063,18.8375,4.075,4,8,0,High Risk
W1065,19.875,7.8625,0,8,1,Low Risk
W1068,24.22142857142857,6.414285714285714,4,14,2,Medium Risk
W1086,23.135714285714283,7.771428571428571,1,14,2,Medium Risk
W1087,19.878260869565217,7.4739130434782615,8,23,0,High Risk
W1092,23.24375,6.2,4,16,2,Medium Risk
W1093,24.11,7.69,1,10,2,Medium Risk
W1098,19.45,8.85,0,6,1,Low Risk
W1099,20.98,8.18,0,5,2,Medium Risk
W1101,21.066666666666666,8.383333333333333,0,6,2,Medium Risk
W1104,19.333333333333332,7.1000000000000005,0,6,1,Low Risk
W1105,19.95,7.599999999999999,0,6,1,Low Risk
W1113,21.733333333333334,6.983333333333333,0,6,2,Medium Risk
W1115,18.849999999999998,6.8999999999999995,0,6,1,Low Risk
W1135,21.333333333333332,7.383333333333334,0,6,2,Medium Risk
W1136,22.71666666666667,7.6000000000000005,0,6,2,Medium Risk
W1137,23.82,8.059999999999999,0,5,2,Medium Risk
W1138,24.02,5.4399999999999995,2,5,2,Medium Risk
W1139,22.72,7.540000000000001,1,5,2,Medium Risk
W1141,23.7,7.849999999999999,0,6,2,Medium Risk
W1142,17.866666666666667,6.716666666666666,0,6,1,Low Risk
W1143,17.666666666666668,6.8500000000000005,0,6,1,Low Risk
W1144,19.166666666666668,4.716666666666667,4,6,0,High Risk
W1147,20.16,4.4799999999999995,3,5,0,High Risk
W1150,23.650000000000002,7.6000000000000005,0,6,2,Medium Risk
W1151,22.516666666666666,5.583333333333333,3,6,2,Medium Risk
W1156,18.740000000000002,5.9399999999999995,0,5,1,Low Risk
W1157,19.783333333333335,8.25,0,6,1,Low Risk
W1226,22.272222222222222,8.016666666666667,4,18,2,Medium Risk
W1237,22.92,7.64,1,15,2,Medium Risk
W1240,21.083333333333332,7.25,0,6,2,Medium Risk
W1244,21.849999999999998,7.033333333333334,0,6,2,Medium Risk
W1255,21.033333333333335,6.633333333333333,0,6,2,Medium Risk
W1282,18.46666666666667,8.683333333333332,0,6,1,Low Risk
W1283,18.75,7.6499999999999995,0,6,1,Low Risk
W1289,17.619999999999997,6.409999999999999,1,10,1,Low Risk
W1290,16.057142857142857,5.942857142857143,2,7,1,Low Risk
W1291,18.56,8.3,1,10,1,Low Risk
W1293,15.783333333333333,4.545833333333333,12,24,0,High Risk
W1294,14.84,3.08,4,5,0,High Risk
W1295,23.427777777777777,5.977777777777778,4,18,2,Medium Risk
W1296,19.6625,7.1000000000000005,2,8,1,Low Risk
W1298,16.8625,9.1125,1,8,1,Low Risk
W1299,16.442857142857143,8.77142857142857,1,7,1,Low Risk
W1300,14.89,3.8600000000000003,8,10,0,High Risk
W1301,23.0,5.2,3,5,2,Medium Risk
W1303,19.95,4.875,3,8,0,High Risk
W1304,16.2,6.0,4,10,0,High Risk
W1306,21.916666666666668,4.666666666666667,3,6,0,High Risk
W1308,17.0225,5.45,18,40,0,High Risk
W1310,21.761538461538464,6.515384615384615,2,13,2,Medium Risk
W1311,24.12222222222222,7.655555555555556,0,9,2,Medium Risk
W1312,22.7875,8.2,0,8,2,Medium Risk
W1314,22.95,6.916666666666667,0,6,2,Medium Risk
W1315,20.77777777777778,4.266666666666667,6,9,0,High Risk
W1316,22.555555555555557,5.622222222222223,3,9,2,Medium Risk
W1325,17.5375,9.2625,0,8,1,Low Risk
W1334,18.5125,8.9125,0,8,1,Low Risk
W1335,18.47142857142857,8.985714285714286,0,7,1,Low Risk
W1336,18.857142857142858,8.642857142857142,0,7,1,Low Risk
W1337,23.485714285714288,7.042857142857143,0,7,2,Medium Risk
W1339,20.44,8.76,0,5,1,Low Risk
W1340,23.042857142857144,6.828571428571428,0,7,2,Medium Risk
W1344,19.014285714285712,8.842857142857143,0,7,1,Low Risk
W1351,16.759999999999998,9.120000000000001,0,5,1,Low Risk
W1361,19.925,8.325,0,8,1,Low Risk
W1362,17.4625,9.1625,0,16,1,Low Risk
W1363,19.28,7.76,0,5,1,Low Risk
W1377,20.14,6.58,0,5,2,Medium Risk
W1380,21.22,7.56,0,5,2,Medium Risk
W1382,21.380000000000003,7.4,0,5,2,Medium Risk
W1383,20.04,7.08,0,5,1,Low Risk
W1386,20.68,8.14,0,5,1,Low Risk
W1392,20.525,7.3500000000000005,0,8,2,Medium Risk
W1394,22.177777777777777,6.366666666666666,2,9,2,Medium Risk
W1400,25.25714285714286,7.271428571428571,1,7,2,Medium Risk
W1401,23.145454545454545,6.218181818181819,4,11,2,Medium Risk
W1402,25.975,6.9125,1,8,2,Medium Risk
W1403,20.423529411764704,6.758823529411765,4,17,2,Medium Risk
W1432,22.833333333333332,6.8500000000000005,1,6,2,Medium Risk
W1439,18.566666666666666,7.95,0,6,1,Low Risk
W1458,15.86923076923077,9.684615384615386,0,13,1,Low Risk
W1487,22.34,8.3,0,5,2,Medium Risk
W1488,22.22,7.1,1,5,2,Medium Risk
W1489,20.34,8.1,0,5,1,Low Risk
W1490,21.1,8.02,0,5,2,Medium Risk
W1493,20.14,6.459999999999999,0,5,2,Medium Risk
W1494,20.4,6.76,0,5,2,Medium Risk
W1495,20.880000000000003,5.86,1,5,2,Medium Risk
W1498,20.9,6.640000000000001,0,5,2,Medium Risk
W1499,22.14,5.9799999999999995,1,5,2,Medium Risk
W1501,21.06,6.0,2,5,2,Medium Risk
W1503,22.42,4.9,2,5,2,Medium Risk
W1504,22.4,5.76,1,5,2,Medium Risk
W1508,22.759999999999998,6.9,0,5,2,Medium Risk
W1540,16.900000000000002,8.283333333333333,0,6,1,Low Risk
W1541,17.566666666666666,6.8999999999999995,0,6,1,Low Risk
W1542,16.3,8.299999999999999,0,6,1,Low Risk
W1544,19.316666666666666,6.75,1,6,1,Low Risk
W1545,19.16,6.74,0,5,1,Low Risk
W1546,19.616666666666667,7.233333333333333,0,6,1,Low Risk
W1559,20.400000000000002,6.883333333333333,0,6,2,Medium Risk
W1560,20.433333333333334,7.6499999999999995,0,6,1,Low Risk
W1561,18.683333333333334,7.833333333333333,0,6,1,Low Risk
W1566,21.55,7.383333333333333,0,6,2,Medium Risk
W1567,15.58888888888889,9.422222222222222,0,9,1,Low Risk
W1569,19.916666666666668,8.85,0,6,1,Low Risk
W1570,21.333333333333332,8.116666666666667,0,6,2,Medium Risk
W1573,18.466666666666665,8.083333333333334,0,6,1,Low Risk
W1575,20.783333333333335,8.049999999999999,0,6,2,Medium Risk
W1582,21.740000000000002,7.5200000000000005,0,5,2,Medium Risk
W1583,20.82,7.540000000000001,0,5,2,Medium Risk
W1584,18.566666666666666,6.916666666666667,0,6,1,Low Risk
W1585,17.583333333333332,7.466666666666666,0,6,1,Low Risk
W1586,19.683333333333334,7.033333333333334,0,6,1,Low Risk
W1587,21.18,6.44,0,5,2,Medium Risk
W1588,19.233333333333334,8.333333333333334,0,6,1,Low Risk
W1589,17.1,4.82,4,5,0,High Risk
W1590,18.228571428571428,9.085714285714285,0,7,1,Low Risk
W1595,20.02,7.7,0,5,1,Low Risk
W1596,21.12857142857143,6.771428571428571,1,7,2,Medium Risk
W1598,21.380000000000003,9.7,0,5,1,Low Risk
W1749,23.6,5.66,3,5,2,Medium Risk
W1750,23.75,5.7749999999999995,2,8,2,Medium Risk
W1751,23.349999999999998,7.3,5,24,2,Medium Risk
W1752,21.225,3.3625,5,8,0,High Risk
W1753,17.616666666666667,8.783333333333333,0,6,1,Low Risk
W1755,19.816666666666666,8.35,0,6,1,Low Risk
W1756,17.516666666666666,8.15,0,6,1,Low Risk
W1758,22.0,7.133333333333333,0,6,2,Medium Risk
W1760,16.55,7.8500000000000005,0,6,1,Low Risk
W1761,17.583333333333332,8.65,0,6,1,Low Risk
W1762,18.849999999999998,8.4,0,6,1,Low Risk
W1763,21.0,7.133333333333333,0,6,2,Medium Risk
W1764,21.900000000000002,7.242857142857143,0,7,2,Medium Risk
W1766,22.116666666666664,7.6000000000000005,0,6,2,Medium Risk
W1767,21.166666666666668,7.833333333333333,0,6,2,Medium Risk
W1768,16.933333333333334,3.1166666666666667,6,6,0,High Risk
W1769,17.666666666666668,7.6499999999999995,0,6,1,Low Risk
W1770,24.116666666666664,7.866666666666666,0,6,2,Medium Risk
W1771,23.099999999999998,7.966666666666666,0,6,2,Medium Risk
W1772,18.66,5.4399999999999995,0,5,1,Low Risk
W1782,16.2,9.983333333333333,0,6,1,Low Risk
W1784,21.259999999999998,8.540000000000001,0,5,2,Medium Risk
W1786,23.525,7.25,0,8,2,Medium Risk
W1791,18.18,7.0200000000000005,0,5,1,Low Risk
W1792,21.925,8.4375,0,8,2,Medium Risk
W1794,21.3125,7.7625,0,8,2,Medium Risk
W1796,19.6125,9.4625,0,8,1,Low Risk
W1799,20.759999999999998,8.68,0,5,1,Low Risk
W1806,21.383333333333336,7.1499999999999995,0,6,2,Medium Risk
W1808,21.333333333333332,7.983333333333333,0,6,2,Medium Risk
W1809,20.21666666666667,8.383333333333333,0,6,1,Low Risk
W1812,21.78333333333333,7.05,0,6,2,Medium Risk
W1813,22.03333333333333,5.966666666666666,1,6,2,Medium Risk
W1816,18.759999999999998,6.44,0,5,1,Low Risk
W1819,14.816666666666668,9.333333333333334,0,6,1,Low Risk
W1821,18.55,9.200000000000001,0,6,1,Low Risk
W1823,17.349999999999998,8.75,0,6,1,Low Risk
W1830,22.599999999999998,4.0,6,6,0,High Risk
W1832,20.44,8.82,0,5,1,Low Risk
W1848,19.822222222222223,8.011111111111111,0,9,1,Low Risk
W1849,19.7,8.233333333333333,0,6,1,Low Risk
W1850,17.883333333333333,8.133333333333333,0,6,1,Low Risk
W1851,21.5,7.983333333333333,0,6,2,Medium Risk
W1853,18.06,9.059999999999999,0,5,1,Low Risk
W1854,18.64,8.76,0,5,1,Low Risk
W1856,18.900000000000002,8.5,0,6,1,Low Risk
W1858,20.22,8.6,0,5,1,Low Risk
W1864,18.744444444444444,9.122222222222222,0,9,1,Low Risk
W1866,20.966666666666665,8.4,0,6,2,Medium Risk
W1873,20.9,2.2399999999999998,5,5,0,High Risk
W1874,17.883333333333333,8.9,0,6,1,Low Risk
W1877,19.883333333333333,7.716666666666666,0,6,1,Low Risk
W1884,23.064285714285713,8.792857142857143,1,14,2,Medium Risk
W1898,21.655555555555555,7.566666666666666,0,9,2,Medium Risk
W1905,17.52,7.74,0,5,1,Low Risk
W1906,19.36,8.92,0,5,1,Low Risk
W1910,18.3,8.18,0,5,1,Low Risk
W1911,16.72,8.34,0,5,1,Low Risk
W1912,17.96,7.56,0,5,1,Low Risk
W1915,18.259999999999998,7.26,1,5,1,Low Risk
W1916,16.36,5.64,2,5,1,Low Risk
W1920,20.22,8.18,0,5,1,Low Risk
W1922,21.2,6.82,0,5,2,Medium Risk
W1955,19.05,6.483333333333333,1,6,1,Low Risk
W1956,17.933333333333334,6.3500000000000005,0,6,1,Low Risk
W1958,19.7,7.550000000000001,0,6,1,Low Risk
W1959,19.633333333333336,7.0,0,6,1,Low Risk
W1960,19.849999999999998,7.116666666666667,0,6,1,Low Risk
W1961,18.883333333333333,7.6000000000000005,0,6,1,Low Risk
W1990,17.759999999999998,8.34,0,5,1,Low Risk
W2005,22.28333333333333,7.916666666666667,0,6,2,Medium Risk
W2011,22.5,7.533333333333334,0,6,2,Medium Risk
W2012,20.33125,5.675,4,16,0,High Risk
W2013,23.8,7.6,0,8,2,Medium Risk
W2014,14.811111111111112,8.822222222222223,2,18,1,Low Risk
W2026,17.166666666666668,8.583333333333334,0,6,1,Low Risk
W2027,15.35,9.183333333333332,0,6,1,Low Risk
W2030,19.616666666666667,8.85,0,6,1,Low Risk
W2031,19.816666666666666,7.1499999999999995,0,6,1,Low Risk
W2032,20.577777777777776,7.800000000000001,1,9,2,Medium Risk
W2033,18.55,7.316666666666666,0,6,1,Low Risk
W2034,18.883333333333333,6.883333333333333,0,6,1,Low Risk
W2037,18.74285714285714,2.157142857142857,7,7,0,High Risk
W2043,16.133333333333333,5.766666666666667,1,6,1,Low Risk
W2045,17.266666666666666,7.883333333333333,0,6,1,Low Risk
W2049,19.849999999999998,8.483333333333334,0,6,1,Low Risk
W2050,16.75,8.183333333333334,0,6,1,Low Risk
W2051,20.3,5.983333333333333,2,6,2,Medium Risk
W2062,20.566666666666666,7.133333333333333,0,6,2,Medium Risk
W2097,23.626666666666665,8.353333333333333,1,15,2,Medium Risk
W2129,19.333333333333332,8.549999999999999,0,6,1,Low Risk
W2130,22.5,7.966666666666666,0,6,2,Medium Risk
W2133,22.78333333333333,6.183333333333334,2,6,2,Medium Risk
W2134,22.71666666666667,7.283333333333334,0,6,2,Medium Risk
W2135,24.0,7.566666666666666,0,6,2,Medium Risk
W2136,23.916666666666668,7.683333333333334,0,6,2,Medium Risk
W2137,18.433333333333334,7.366666666666666,0,6,1,Low Risk
W2138,20.2,6.1000000000000005,0,6,2,Medium Risk
W2139,18.916666666666668,8.366666666666667,0,6,1,Low Risk
W2140,20.333333333333332,8.933333333333334,0,6,1,Low Risk
W2141,20.34,2.8,5,5,0,High Risk
W2144,22.383333333333336,7.3999999999999995,0,6,2,Medium Risk
W2145,18.816666666666666,8.1,0,6,1,Low Risk
W2146,23.44,7.640000000000001,0,5,2,Medium Risk
W2147,22.150000000000002,6.816666666666666,0,6,2,Medium Risk
W2148,22.46666666666667,6.966666666666666,0,6,2,Medium Risk
W2149,21.616666666666664,7.416666666666667,0,6,2,Medium Risk
W2150,20.119999999999997,4.36,5,5,0,High Risk
W2151,21.060000000000002,8.52,0,5,2,Medium Risk
W2152,22.55,4.866666666666666,3,6,0,High Risk
W2155,18.616666666666664,8.016666666666667,0,6,1,Low Risk
W2156,25.933333333333334,8.266666666666667,0,6,2,Medium Risk
W2157,23.700000000000003,6.633333333333333,0,6,2,Medium Risk
W2158,17.400000000000002,8.283333333333333,0,6,1,Low Risk
W2160,23.619999999999997,6.18,0,5,2,Medium Risk
W2161,22.02,8.36,0,5,2,Medium Risk
W2162,22.56,6.56,0,5,2,Medium Risk
W2173,23.316666666666666,7.266666666666667,2,6,2,Medium Risk
W2177,21.96666666666667,6.566666666666666,0,6,2,Medium Risk
W2179,19.366666666666664,7.433333333333334,0,6,1,Low Risk
W2180,21.883333333333336,8.5,0,6,2,Medium Risk
W2182,25.03333333333333,8.566666666666666,0,6,2,Medium Risk
W2183,17.233333333333334,8.883333333333335,0,6,1,Low Risk
W2185,18.060000000000002,6.4799999999999995,1,5,1,Low Risk
W2186,24.700000000000003,7.933333333333334,0,6,2,Medium Risk
W2188,25.316666666666666,7.566666666666666,0,6,2,Medium Risk
W2190,22.21666666666667,8.216666666666667,0,6,2,Medium Risk
W2192,20.2,7.2,0,6,1,Low Risk
W2193,15.65,9.183333333333334,0,6,1,Low Risk
W2194,20.616666666666664,8.450000000000001,0,6,1,Low Risk
W2195,20.583333333333332,8.1,0,6,1,Low Risk
W2197,19.650000000000002,7.316666666666666,0,6,1,Low Risk
W2199,19.06,8.5,0,5,1,Low Risk
W2200,22.366666666666664,8.816666666666666,0,6,2,Medium Risk
W2202,14.15,7.616666666666667,0,6,1,Low Risk
W2203,24.4875,8.125,0,8,2,Medium Risk
W2205,22.616666666666664,6.266666666666667,0,6,2,Medium Risk
W2207,19.55,7.216666666666666,0,6,1,Low Risk
W2208,21.383333333333336,8.35,0,6,2,Medium Risk
W2209,19.566666666666666,8.816666666666666,0,6,1,Low Risk
W2210,22.75,7.45,0,6,2,Medium Risk
W2211,19.733333333333334,6.683333333333334,1,6,1,Low Risk
W2212,19.7,8.633333333333333,0,6,1,Low Risk
W2215,22.566666666666666,4.733333333333333,4,6,0,High Risk
W2218,18.353846153846153,8.784615384615385,0,13,1,Low Risk
W2220,21.35,8.1375,0,8,2,Medium Risk
W2222,17.130000000000003,9.370000000000001,0,10,1,Low Risk
W2223,18.720000000000002,8.940000000000001,0,5,1,Low Risk
W2226,19.783333333333335,8.45,0,12,1,Low Risk
W2227,26.02,8.76,0,5,2,Medium Risk
W2252,18.566666666666666,8.65,0,12,1,Low Risk
W2264,19.5,9.14,0,5,1,Low Risk
W2280,14.866666666666667,9.68888888888889,0,9,1,Low Risk
W2282,18.02857142857143,9.271428571428572,0,7,1,Low Risk
W2283,17.844444444444445,9.166666666666666,0,9,1,Low Risk
W2284,21.984615384615385,8.207692307692309,0,13,2,Medium Risk
W2286,15.2875,9.7,0,8,1,Low Risk
W2287,18.945454545454545,7.372727272727272,0,11,1,Low Risk
W2291,18.591666666666665,8.783333333333333,0,12,1,Low Risk
W2372,23.66,7.7,0,5,2,Medium Risk
W2377,19.619999999999997,7.26,0,5,1,Low Risk
W2402,22.339999999999996,7.4,0,5,2,Medium Risk
W2405,22.083333333333332,6.316666666666666,0,6,2,Medium Risk
W2409,19.066666666666666,8.533333333333333,0,6,1,Low Risk
W2410,18.849999999999998,8.364285714285714,0,14,1,Low Risk
W2411,20.311111111111114,7.666666666666667,0,9,1,Low Risk
W2413,21.150000000000002,7.978571428571429,0,14,2,Medium Risk
W2414,19.2375,9.375,0,8,1,Low Risk
W2466,19.2,8.4,0,11,1,Low Risk
W2540,21.54,2.6,5,5,0,High Risk
W2541,22.82,7.12,0,5,2,Medium Risk
W2542,21.133333333333333,2.716666666666667,6,6,0,High Risk
W2543,21.483333333333334,4.8500000000000005,3,6,0,High Risk
W2544,22.266666666666666,7.95,0,6,2,Medium Risk
W2619,23.475,6.45,4,20,2,Medium Risk
W2620,21.104545454545455,6.954545454545454,5,22,0,High Risk
W2621,23.95,7.38,1,10,2,Medium Risk
W2622,23.344444444444445,6.833333333333333,1,9,2,Medium Risk
W2623,20.71578947368421,6.752631578947369,4,19,2,Medium Risk
W2624,22.442857142857143,6.2,1,14,2,Medium Risk
W2625,22.7375,6.9125,0,8,2,Medium Risk
W2626,21.575,6.7625,1,8,2,Medium Risk
W2627,20.866666666666667,6.875,2,12,2,Medium Risk
W2628,22.785714285714285,6.642857142857143,4,14,2,Medium Risk
W2629,21.927272727272726,7.427272727272728,3,22,2,Medium Risk
W2630,24.3375,7.3625,1,8,2,Medium Risk
W2631,22.7,8.105263157894736,0,19,2,Medium Risk
W2632,24.145454545454548,6.790909090909091,3,11,2,Medium Risk
W2633,23.47,6.15,2,10,2,Medium Risk
W2634,23.05,8.583333333333334,0,6,2,Medium Risk
W2635,22.241176470588236,6.917647058823529,1,17,2,Medium Risk
W2636,24.0875,7.175,0,8,2,Medium Risk
W2637,22.925,5.975,1,8,2,Medium Risk
W2638,21.225,6.825,2,8,2,Medium Risk
W2639,19.65666666666667,7.516666666666667,2,30,1,Low Risk
W2640,23.275000000000002,7.95,0,12,2,Medium Risk
W2641,20.018181818181816,9.709090909090909,2,11,1,Low Risk
W2642,25.581818181818186,7.9363636363636365,0,11,2,Medium Risk
W2666,21.29090909090909,7.709090909090909,1,11,2,Medium Risk
W2668,24.67142857142857,5.614285714285714,2,7,2,Medium Risk
W2670,24.3,7.454545454545454,1,11,2,Medium Risk
W2672,21.216666666666665,7.533333333333334,2,12,2,Medium Risk
W2674,21.166666666666668,7.977777777777778,3,18,2,Medium Risk
W2676,21.772727272727273,5.345454545454546,5,11,0,High Risk
W2678,15.456,5.216,13,25,0,High Risk
W2680,26.18,9.66,0,5,2,Medium Risk
W2682,18.332142857142856,5.057142857142857,16,28,0,High Risk
W2684,20.080000000000002,6.45,2,10,2,Medium Risk
W2686,19.593333333333337,7.266666666666667,2,15,1,Low Risk
W2688,22.055555555555557,6.377777777777777,3,9,2,Medium Risk
W2690,19.400000000000002,5.064285714285714,6,14,0,High Risk
W2692,20.413333333333334,6.58,3,15,2,Medium Risk
W2694,23.685714285714287,8.414285714285715,0,14,2,Medium Risk
W2696,22.92,8.213333333333333,0,15,2,Medium Risk
W2699,21.142857142857142,10.942857142857141,1,14,1,Low Risk
W2701,18.247619047619047,6.252380952380953,6,21,0,High Risk
W2704,16.472727272727273,7.409090909090909,4,22,1,Low Risk
W2706,23.650000000000002,6.883333333333333,1,6,2,Medium Risk
W2708,21.830000000000002,6.6,1,10,2,Medium Risk
W2710,23.919999999999998,5.5200000000000005,2,10,2,Medium Risk
W2712,21.189473684210526,7.326315789473684,2,19,2,Medium Risk
W2715,20.4,7.707692307692308,2,13,2,Medium Risk
W2717,21.16,7.3,2,5,2,Medium Risk
W2727,20.585714285714285,8.442857142857143,0,7,1,Low Risk
W2773,24.233333333333334,4.266666666666667,4,9,0,High Risk
W2775,23.733333333333334,7.208333333333333,2,12,2,Medium Risk
W2778,21.866666666666667,4.988888888888889,3,9,0,High Risk
W2780,23.939999999999998,6.5,3,15,2,Medium Risk
W2783,25.87142857142857,4.814285714285715,4,7,0,High Risk
W2787,23.64375,7.4,2,16,2,Medium Risk
W2789,25.669999999999998,6.839999999999999,2,10,2,Medium Risk
W2791,20.721052631578946,6.605263157894737,5,19,0,High Risk
W2796,25.064285714285713,7.935714285714285,0,14,2,Medium Risk
W2798,22.225,8.375,2,16,2,Medium Risk
W2801,23.571428571428573,7.004761904761905,5,21,2,Medium Risk
W2803,22.28333333333333,7.445833333333333,3,24,2,Medium Risk
W2805,25.108333333333334,8.299999999999999,0,12,2,Medium Risk
W2808,20.55,8.06875,3,16,2,Medium Risk
W2810,20.525000000000002,5.7875000000000005,9,24,0,High Risk
W2812,23.605882352941176,9.276470588235293,1,17,2,Medium Risk
W2814,23.266666666666666,7.983333333333333,0,6,2,Medium Risk
W2837,21.373684210526317,7.310526315789474,4,19,2,Medium Risk
W2839,21.95294117647059,6.2705882352941185,7,17,0,High Risk
